Suite ID	Tool IDs	Description	Suite first commit date	Homepage	Suite version	Suite conda package	Latest suite conda package version	Suite version status	ToolShed categories	EDAM operations	EDAM reduced operations	EDAM topics	EDAM reduced topics	Suite owner	Suite source	Suite parsed folder	bio.tool ID	bio.tool name	bio.tool description	biii ID	Number of tools on UseGalaxy.org (Main)	Number of tools on UseGalaxy.org.au	Number of tools on UseGalaxy.eu	Number of tools on UseGalaxy.fr	Number of tools on APOSTL	Number of tools on BioBix	Number of tools on CIRM-CFBP	Number of tools on ChemFlow	Number of tools on Coloc-stats	Number of tools on CorGAT	Number of tools on CropGalaxy	Number of tools on Dintor	Number of tools on FreeBioinfo	Number of tools on GASLINI	Number of tools on Galaxy@AuBi	Number of tools on Galaxy@Pasteur	Number of tools on GalaxyTrakr	Number of tools on Genomic Hyperbrowser	Number of tools on HyPhy HIV NGS Tools	Number of tools on IPK Galaxy Blast Suite	Number of tools on ImmPort Galaxy	Number of tools on InteractoMIX	Number of tools on Lebanese University Galaxy	Number of tools on MISSISSIPPI	Number of tools on Mandoiu Lab	Number of tools on MiModD NacreousMap	Number of tools on Oqtans	Number of tools on Palfinder	Number of tools on PepSimili	Number of tools on PhagePromotor	Number of tools on UseGalaxy.be	Number of tools on UseGalaxy.cz	Number of tools on UseGalaxy.no	Number of tools on Viral Variant Visualizer (VVV)	Suite users (last 5 years) (usegalaxy.eu)	Suite users (usegalaxy.eu)	Suite runs (last 5 years) (usegalaxy.eu)	Suite runs (usegalaxy.eu)	Suite users (last 5 years) (usegalaxy.org)	Suite users (usegalaxy.org)	Suite runs (last 5 years) (usegalaxy.org)	Suite runs (usegalaxy.org)	Suite users (last 5 years) (usegalaxy.org.au)	Suite users (usegalaxy.org.au)	Suite runs (last 5 years) (usegalaxy.org.au)	Suite runs (usegalaxy.org.au)	Suite users (last 5 years) (usegalaxy.fr)	Suite users (usegalaxy.fr)	Suite runs (last 5 years) (usegalaxy.fr)	Suite runs (usegalaxy.fr)	Suite runs on main servers	Suite runs (last 5 years) on main servers	Suite users on main servers	Suite users (last 5 years) on main servers	Related Workflows	Related Tutorials	To keep	Deprecated
2d_auto_threshold	ip_threshold	Threshold image	2019-01-22	https://github.com/bmcv	0.25.2	scikit-image		To update	Imaging	Image analysis	Image analysis	Imaging, Bioinformatics	Imaging, Bioinformatics	imgteam	https://github.com/BMCV/galaxy-image-analysis/tree/master/tools/2d_auto_threshold/	https://github.com/BMCV/galaxy-image-analysis/tree/master/tools/2d_auto_threshold	galaxy_image_analysis	Galaxy Image Analysis	Galaxy Image Analysis is mainly developed by the Biomedical Computer Vision (BMCV) Group at Heidelberg University. Its dedication is to provide tools for image analysis and image processing for the Galaxy platform.	scikit-image	1	1	1	1	0	0	0	0	0	0	0	0	0	0	1	0	0	0	0	0	0	0	0	0	0	0	0	0	0	0	1	1	1	0	130	154	3302	8913	5	5	29	29	12	12	607	607	0	0	0	0	9549	3938	171	147	https://usegalaxy.eu/published/workflow?id=035f85c1615e0b7b, https://usegalaxy.eu/published/workflow?id=1ffacb28226460ac, https://usegalaxy.eu/published/workflow?id=23030421cd9fcfb2, https://usegalaxy.eu/published/workflow?id=50c47c5b285f7c00, https://usegalaxy.eu/published/workflow?id=6fbd9b2274c62ebe, https://usegalaxy.eu/published/workflow?id=7d7550ce7004d71e, https://usegalaxy.eu/published/workflow?id=7f8ff64c5ea03a9b, https://usegalaxy.eu/published/workflow?id=bc78c184fabcff1d, https://usegalaxy.eu/published/workflow?id=cf196794bbd365d8, https://usegalaxy.eu/published/workflow?id=dc8b78d093be59ae, https://usegalaxy.eu/published/workflow?id=e87e726b57f1a875, https://usegalaxy.org.au/published/workflow?id=2a1e4de0dc77bbed, https://usegalaxy.org.au/published/workflow?id=8e28c3b252062b3b, https://usegalaxy.org/published/workflow?id=a8e39acc103c3d6b, https://usegalaxy.org/published/workflow?id=d47cddc372c88094, https://workflowhub.eu/workflows/1259?version=1, https://workflowhub.eu/workflows/1508?version=1, https://workflowhub.eu/workflows/1517?version=1, https://workflowhub.eu/workflows/1522?version=1, https://workflowhub.eu/workflows/1526?version=1, https://workflowhub.eu/workflows/1532?version=1, https://workflowhub.eu/workflows/1730?version=1, https://workflowhub.eu/workflows/771?version=2	imaging/hela-screen-analysis, imaging/imaging-introduction, imaging/parameter-tuning, imaging/process-image-bioimageio, imaging/voronoi-segmentation	True	False
2d_feature_extraction	ip_2d_feature_extraction	Image feature extraction	2019-01-08	https://github.com/bmcv	0.25.2	scikit-image		To update	Imaging	Image analysis, Image annotation, Visualisation, Data handling	Image analysis, Image annotation, Visualisation, Data handling	Imaging, Software engineering, Literature and language	Imaging, Software engineering, Literature and language	imgteam	https://github.com/BMCV/galaxy-image-analysis/tree/master/tools/2d_feature_extraction/	https://github.com/BMCV/galaxy-image-analysis/tree/master/tools/2d_feature_extraction	scikit-image	scikit-image	Scikit-image contains image processing algorithms for SciPy, including IO, morphology, filtering, warping, color manipulation, object detection, etc.	scikit-image	0	1	1	0	0	0	0	0	0	0	0	0	0	0	0	0	0	0	0	0	0	0	0	0	0	0	0	0	0	0	1	1	1	0	52	67	2130	15217	0	0	0	0	4	4	167	167	0	0	0	0	15384	2297	71	56	https://usegalaxy.eu/published/workflow?id=035f85c1615e0b7b, https://usegalaxy.eu/published/workflow?id=1ffacb28226460ac, https://usegalaxy.eu/published/workflow?id=23030421cd9fcfb2, https://usegalaxy.eu/published/workflow?id=2571f7d13686efb2, https://usegalaxy.eu/published/workflow?id=50c47c5b285f7c00, https://usegalaxy.eu/published/workflow?id=bc78c184fabcff1d, https://usegalaxy.eu/published/workflow?id=cf196794bbd365d8, https://workflowhub.eu/workflows/1259?version=1, https://workflowhub.eu/workflows/1508?version=1, https://workflowhub.eu/workflows/1522?version=1, https://workflowhub.eu/workflows/1730?version=1, https://workflowhub.eu/workflows/1848?version=1	imaging/electrophoresis-gel-bands-image-analysis, imaging/hela-screen-analysis, imaging/voronoi-segmentation	True	False
2d_filter_segmentation_by_features	ip_2d_filter_segmentation_by_features	filter segmentation by rules	2019-07-19	https://github.com/bmcv	0.7.3	giatools	0.7.3	Up-to-date	Imaging	Image analysis	Image analysis	Imaging, Bioinformatics	Imaging, Bioinformatics	imgteam	https://github.com/BMCV/galaxy-image-analysis/tree/master/tools/2d_filter_segmentation_by_features/	https://github.com/BMCV/galaxy-image-analysis/tree/master/tools/2d_filter_segmentation_by_features	galaxy_image_analysis	Galaxy Image Analysis	Galaxy Image Analysis is mainly developed by the Biomedical Computer Vision (BMCV) Group at Heidelberg University. Its dedication is to provide tools for image analysis and image processing for the Galaxy platform.		0	1	1	0	0	0	0	0	0	0	0	0	0	0	0	0	0	0	0	0	0	0	0	0	0	0	0	0	0	0	1	1	1	0	34	49	514	7009	0	0	0	0	3	3	165	165	0	0	0	0	7174	679	52	37	https://usegalaxy.eu/published/workflow?id=1ffacb28226460ac, https://usegalaxy.eu/published/workflow?id=50c47c5b285f7c00, https://usegalaxy.eu/published/workflow?id=cf196794bbd365d8, https://workflowhub.eu/workflows/1508?version=1	imaging/hela-screen-analysis	True	False
2d_histogram_equalization	ip_histogram_equalization	2d histogram equalization	2019-07-23	https://github.com/bmcv	0.18.1	scikit-image		To update	Imaging	Image analysis, Image annotation, Visualisation, Data handling	Image analysis, Image annotation, Visualisation, Data handling	Imaging, Software engineering, Literature and language	Imaging, Software engineering, Literature and language	imgteam	https://github.com/BMCV/galaxy-image-analysis/tree/master/tools/2d_histogram_equalization/	https://github.com/BMCV/galaxy-image-analysis/tree/master/tools/2d_histogram_equalization	scikit-image	scikit-image	Scikit-image contains image processing algorithms for SciPy, including IO, morphology, filtering, warping, color manipulation, object detection, etc.	scikit-image	1	1	1	1	0	0	0	0	0	0	0	0	0	0	1	0	0	0	0	0	0	0	0	0	0	0	0	0	0	0	1	1	1	0	100	122	2565	2669	5	5	24	24	15	15	284	284	0	0	0	0	2977	2873	142	120	https://usegalaxy.eu/published/workflow?id=1ffacb28226460ac, https://usegalaxy.eu/published/workflow?id=6fbd9b2274c62ebe, https://usegalaxy.eu/published/workflow?id=751e3e2c338949c0, https://usegalaxy.eu/published/workflow?id=7d7550ce7004d71e, https://usegalaxy.eu/published/workflow?id=bc78c184fabcff1d, https://usegalaxy.eu/published/workflow?id=dc8b78d093be59ae, https://usegalaxy.org.au/published/workflow?id=2a1e4de0dc77bbed, https://usegalaxy.org.au/published/workflow?id=8e28c3b252062b3b, https://usegalaxy.org/published/workflow?id=a8e39acc103c3d6b, https://usegalaxy.org/published/workflow?id=d47cddc372c88094, https://workflowhub.eu/workflows/1259?version=1, https://workflowhub.eu/workflows/1517?version=1, https://workflowhub.eu/workflows/1528?version=1, https://workflowhub.eu/workflows/1532?version=1, https://workflowhub.eu/workflows/1730?version=1, https://workflowhub.eu/workflows/1840?version=1, https://workflowhub.eu/workflows/771?version=2	imaging/2D-spot-detection, imaging/imaging-introduction, imaging/parameter-tuning, imaging/yolo-segmentation-training	True	False
2d_simple_filter	ip_filter_standard	2-D simple filter	2019-01-22	https://github.com/bmcv	1.16.3	scipy		To update	Imaging	Image analysis	Image analysis	Imaging, Bioinformatics	Imaging, Bioinformatics	imgteam	https://github.com/BMCV/galaxy-image-analysis/tree/master/tools/2d_simple_filter/	https://github.com/BMCV/galaxy-image-analysis/tree/master/tools/2d_simple_filter	galaxy_image_analysis	Galaxy Image Analysis	Galaxy Image Analysis is mainly developed by the Biomedical Computer Vision (BMCV) Group at Heidelberg University. Its dedication is to provide tools for image analysis and image processing for the Galaxy platform.	scipy	1	1	1	1	0	0	0	0	0	0	0	0	0	0	1	0	0	0	0	0	0	0	0	0	0	0	0	0	0	0	1	1	1	0	107	131	2596	8178	5	5	23	23	15	15	484	484	0	0	0	0	8685	3103	151	127	https://usegalaxy.eu/published/workflow?id=1ffacb28226460ac, https://usegalaxy.eu/published/workflow?id=23030421cd9fcfb2, https://usegalaxy.eu/published/workflow?id=50c47c5b285f7c00, https://usegalaxy.eu/published/workflow?id=6fbd9b2274c62ebe, https://usegalaxy.eu/published/workflow?id=7d7550ce7004d71e, https://usegalaxy.eu/published/workflow?id=7f8ff64c5ea03a9b, https://usegalaxy.eu/published/workflow?id=bc78c184fabcff1d, https://usegalaxy.eu/published/workflow?id=cf196794bbd365d8, https://usegalaxy.eu/published/workflow?id=dc8b78d093be59ae, https://usegalaxy.org.au/published/workflow?id=2a1e4de0dc77bbed, https://usegalaxy.org.au/published/workflow?id=8e28c3b252062b3b, https://usegalaxy.org/published/workflow?id=a8e39acc103c3d6b, https://usegalaxy.org/published/workflow?id=d47cddc372c88094, https://workflowhub.eu/workflows/1259?version=1, https://workflowhub.eu/workflows/1508?version=1, https://workflowhub.eu/workflows/1517?version=1, https://workflowhub.eu/workflows/1522?version=1, https://workflowhub.eu/workflows/1532?version=1, https://workflowhub.eu/workflows/1730?version=1, https://workflowhub.eu/workflows/771?version=2	imaging/hela-screen-analysis, imaging/imaging-introduction, imaging/parameter-tuning, imaging/voronoi-segmentation	True	False
anisotropic_diffusion	ip_anisotropic_diffusion	Anisotropic image diffusion	2018-12-04	https://github.com/bmcv	0.4.0	medpy	0.4.0	Up-to-date	Imaging					imgteam	https://github.com/BMCV/galaxy-image-analysis/tree/master/tools/anisotropic-diffusion/	https://github.com/BMCV/galaxy-image-analysis/tree/master/tools/anisotropic_diffusion					0	0	1	0	0	0	0	0	0	0	0	0	0	0	0	0	0	0	0	0	0	0	0	0	0	0	0	0	0	0	0	1	1	0	2	3	924	964	0	0	0	0	0	0	0	0	0	0	0	0	964	924	3	2			True	False
background_removal	background_removal	Background removal filters using scikit-image	2024-07-12	https://github.com/bmcv	0.24.0	scikit-image		To update	Imaging					imgteam	https://github.com/BMCV/galaxy-image-analysis/tools/background_removal	https://github.com/BMCV/galaxy-image-analysis/tree/master/tools/background_removal					0	0	1	0	0	0	0	0	0	0	0	0	0	0	0	0	0	0	0	0	0	0	0	0	0	0	0	0	0	0	0	0	0	0	4	4	763	763	0	0	0	0	0	0	0	0	0	0	0	0	763	763	4	4			True	False
bellavista	bellavista_prepare	Open-Source Visualization for Imaging-Based Spatial Transcriptomics	2025-05-02	https://github.com/pkosurilab/BellaVista	0.0.2			To update	Single Cell, Spatial Omics, Transcriptomics, Imaging					iuc	https://github.com/galaxyproject/tools-iuc/tree/main/tools/bellavista	https://github.com/galaxyproject/tools-iuc/tree/main/tools/bellavista					0	0	1	0	0	0	0	0	0	0	0	0	0	0	0	0	0	0	0	0	0	0	0	0	0	0	0	0	0	0	0	0	0	0	2	2	6	6	0	0	0	0	0	0	0	0	0	0	0	0	6	6	2	2			True	
bfconvert	ip_convertimage	Convert image	2019-07-22	https://github.com/bmcv	6.7.0	bftools	8.0.0	To update	Imaging, Convert Formats					imgteam	https://github.com/BMCV/galaxy-image-analysis/tree/master/tools/bfconvert/	https://github.com/BMCV/galaxy-image-analysis/tree/master/tools/bfconvert				python-bioformats	1	1	1	1	0	0	0	0	0	0	0	0	0	0	1	0	0	0	0	0	0	0	0	0	0	0	0	0	0	0	1	1	1	0	120	146	2087	2237	13	13	48	48	23	23	482	482	0	0	0	0	2767	2617	182	156	https://usegalaxy.eu/published/workflow?id=1ffacb28226460ac, https://usegalaxy.eu/published/workflow?id=23030421cd9fcfb2, https://usegalaxy.eu/published/workflow?id=6fbd9b2274c62ebe, https://usegalaxy.eu/published/workflow?id=bc78c184fabcff1d, https://usegalaxy.eu/published/workflow?id=dc8b78d093be59ae, https://usegalaxy.org.au/published/workflow?id=2a1e4de0dc77bbed, https://usegalaxy.org.au/published/workflow?id=8e28c3b252062b3b, https://usegalaxy.org/published/workflow?id=a8e39acc103c3d6b, https://usegalaxy.org/published/workflow?id=d47cddc372c88094, https://workflowhub.eu/workflows/1259?version=1, https://workflowhub.eu/workflows/1337?version=2, https://workflowhub.eu/workflows/1514?version=1, https://workflowhub.eu/workflows/1522?version=1, https://workflowhub.eu/workflows/1730?version=1, https://workflowhub.eu/workflows/771?version=2	imaging/multiplex-tissue-imaging-TMA, imaging/voronoi-segmentation	True	False
bia_download	bia_download	Tool to query ftp links for study from bioimage archive	2023-12-06	https://www.ebi.ac.uk/biostudies/bioimages/studies	0.2.0	wget		To update	Imaging					bgruening	https://github.com/bgruening/galaxytools/tree/master/tools	https://github.com/bgruening/galaxytools/tree/master/tools/image_processing/bia-ftplinks					0	0	1	0	0	0	0	0	0	0	0	0	0	0	0	0	0	0	0	0	0	0	0	0	0	0	0	0	0	0	0	0	0	0	13	13	30	30	0	0	0	0	0	0	0	0	0	0	0	0	30	30	13	13			True	False
biapy	biapy	Accessible deep learning workflows on bioimages using BiaPy	2025-07-23	https://biapyx.github.io/	3.6.5	python		To update	Machine Learning, Imaging					iuc	https://github.com/galaxyproject/tools-iuc/tree/main/tools/biapy	https://github.com/galaxyproject/tools-iuc/tree/main/tools/biapy					0	0	1	0	0	0	0	0	0	0	0	0	0	0	0	0	0	0	0	0	0	0	0	0	0	0	0	0	0	0	0	0	0	0	0	0	0	0	0	0	0	0	0	0	0	0	0	0	0	0	0	0	0	0			True	
binary2labelimage	ip_binary_to_labelimage	Binary 2 label image	2017-02-11	https://github.com/bmcv	0.7.3	giatools	0.7.3	Up-to-date	Imaging	Image analysis	Image analysis	Imaging, Bioinformatics	Imaging, Bioinformatics	imgteam	https://github.com/BMCV/galaxy-image-analysis/tree/master/tools/binary2labelimage/	https://github.com/BMCV/galaxy-image-analysis/tree/master/tools/binary2labelimage	galaxy_image_analysis	Galaxy Image Analysis	Galaxy Image Analysis is mainly developed by the Biomedical Computer Vision (BMCV) Group at Heidelberg University. Its dedication is to provide tools for image analysis and image processing for the Galaxy platform.		1	1	1	0	0	0	0	0	0	0	0	0	0	0	0	0	0	0	0	0	0	0	0	0	0	0	0	0	0	0	1	1	1	0	97	117	2363	3402	6	6	23	23	10	10	299	299	0	0	0	0	3724	2685	133	113	https://usegalaxy.eu/published/workflow?id=1ffacb28226460ac, https://usegalaxy.eu/published/workflow?id=23030421cd9fcfb2, https://usegalaxy.eu/published/workflow?id=50c47c5b285f7c00, https://usegalaxy.eu/published/workflow?id=6fbd9b2274c62ebe, https://usegalaxy.eu/published/workflow?id=7d7550ce7004d71e, https://usegalaxy.eu/published/workflow?id=bc78c184fabcff1d, https://usegalaxy.eu/published/workflow?id=dc8b78d093be59ae, https://usegalaxy.org.au/published/workflow?id=2a1e4de0dc77bbed, https://usegalaxy.org.au/published/workflow?id=8e28c3b252062b3b, https://usegalaxy.org/published/workflow?id=a8e39acc103c3d6b, https://usegalaxy.org/published/workflow?id=d47cddc372c88094, https://workflowhub.eu/workflows/1259?version=1, https://workflowhub.eu/workflows/1508?version=1, https://workflowhub.eu/workflows/1522?version=1, https://workflowhub.eu/workflows/1526?version=1, https://workflowhub.eu/workflows/1532?version=1, https://workflowhub.eu/workflows/1730?version=1, https://workflowhub.eu/workflows/771?version=2	imaging/2D-spot-detection, imaging/hela-screen-analysis, imaging/imaging-introduction, imaging/process-image-bioimageio, imaging/voronoi-segmentation	True	False
binaryimage2points	ip_binaryimage_to_points	Binary Image to Points	2017-10-30	https://github.com/bmcv	0.1-2	numpy		To update	Imaging	Image analysis	Image analysis	Imaging, Bioinformatics	Imaging, Bioinformatics	imgteam	https://github.com/BMCV/galaxy-image-analysis/tree/master/tools/binaryimage2points/	https://github.com/BMCV/galaxy-image-analysis/tree/master/tools/binaryimage2points	galaxy_image_analysis	Galaxy Image Analysis	Galaxy Image Analysis is mainly developed by the Biomedical Computer Vision (BMCV) Group at Heidelberg University. Its dedication is to provide tools for image analysis and image processing for the Galaxy platform.		0	0	1	0	0	0	0	0	0	0	0	0	0	0	0	0	0	0	0	0	0	0	0	0	0	0	0	0	0	0	0	1	1	0	1	2	729	758	0	0	0	0	0	0	0	0	0	0	0	0	758	729	2	1			True	False
bioformats2raw	bf2raw	Convert image to OME-Zarr	2023-11-02	https://github.com/Euro-BioImaging	0.7.0			To update	Imaging, Convert Formats					imgteam	https://github.com/BMCV/galaxy-image-analysis/tree/master/tools/bioformats2raw	https://github.com/BMCV/galaxy-image-analysis/tree/master/tools/bioformats2raw					0	0	1	1	0	0	0	0	0	0	0	0	0	0	1	0	0	0	0	0	0	0	0	0	0	0	0	0	0	0	0	0	0	0	7	7	109	109	0	0	0	0	0	0	0	0	0	0	0	0	109	109	7	7			True	False
bioimage_inference	bioimage_inference	Load model from BioImage.IO and make inferences	2024-08-02	https://github.com/bgruening/galaxytools	2.4.1	python		To update	Imaging			Machine learning, Computer science	Machine learning	bgruening	https://github.com/bgruening/galaxytools/tree/master/tools/bioimaging	https://github.com/bgruening/galaxytools/tree/master/tools/bioimaging	pytorch	PyTorch	PyTorch is an optimized tensor library for deep learning using GPUs and CPUs.	pytorch	0	1	1	0	0	0	0	0	0	0	0	0	0	0	0	0	0	0	0	0	0	0	0	0	0	0	0	0	0	0	1	0	0	0	9	9	133	133	0	0	0	0	1	1	68	68	0	0	0	0	201	201	10	10	https://workflowhub.eu/workflows/1526?version=1	imaging/process-image-bioimageio	True	False
cellpose	cellpose	Cellpose is an anatomical segmentation algorithm	2024-02-29	https://github.com/MouseLand/cellpose	3.1.0			To update	Imaging					bgruening	https://github.com/bgruening/galaxytools/tree/master/tools/cellpose	https://github.com/bgruening/galaxytools/tree/master/tools/cellpose					0	1	1	0	0	0	0	0	0	0	0	0	0	0	0	0	0	0	0	0	0	0	0	0	0	0	0	0	0	0	0	0	0	0	14	14	1269	1269	0	0	0	0	3	3	216	216	0	0	0	0	1485	1485	17	17			True	False
cellposesam	cellposesam	CellPose SAM	2025-12-17	https://cellpose.org	4.0.8	cellpose		To update	Imaging					bgruening	https://github.com/bgruening/galaxytools/tree/master/tools	https://github.com/bgruening/galaxytools/tree/master/tools/cellpose_v4					0	0	0	0	0	0	0	0	0	0	0	0	0	0	0	0	0	0	0	0	0	0	0	0	0	0	0	0	0	0	0	0	0	0	0	0	0	0	0	0	0	0	0	0	0	0	0	0	0	0	0	0	0	0			True	
cellprofiler	cp_cellprofiler, cp_color_to_gray, cp_convert_objects_to_image, cp_display_data_on_image, cp_enhance_or_suppress_features, cp_export_to_spreadsheet, cp_gray_to_color, cp_identify_primary_objects, cp_image_math, cp_mask_image, cp_measure_granularity, cp_measure_image_area_occupied, cp_measure_image_intensity, cp_measure_image_quality, cp_measure_object_intensity, cp_measure_object_size_shape, cp_measure_texture, cp_overlay_outlines, cp_relate_objects, cp_save_images, cp_common, cp_tile, cp_track_objects	cellProfiler wrapper	2020-03-06					To update	Imaging	Quantification, Image analysis, Parsing	Quantification, Image analysis, Parsing	Imaging, Microarray experiment, Genotype and phenotype	Imaging, Microarray experiment, Genotype and phenotype	bgruening	https://github.com/bgruening/galaxytools/tree/master/tools	https://github.com/bgruening/galaxytools/tree/master/tools/cellprofiler	CellProfiler	CellProfiler	Tool for quantifying data from biological images, particularly in high-throughput experiments.	cellprofiler	0	23	23	19	0	0	0	0	0	0	0	0	0	0	19	0	0	0	0	0	0	0	0	0	0	0	0	0	0	0	23	23	19	0	63	67	3870	4976	0	0	0	0	10	10	8293	8293	0	0	0	0	13269	12163	77	73	https://usegalaxy.eu/published/workflow?id=3dbee72d7c550b0c, https://workflowhub.eu/workflows/115?version=1, https://workflowhub.eu/workflows/1503?version=1, https://workflowhub.eu/workflows/1505?version=1, https://workflowhub.eu/workflows/41?version=2	imaging/object-tracking-using-cell-profiler, imaging/tutorial-CP	True	
cellprofiler4	cp_cellprofiler4	cellProfiler4 wrapper	2021-09-15	https://github.com/CellProfiler/CellProfiler	4.2.8			To update	Imaging					bgruening	https://github.com/bgruening/galaxytools/tree/master/tools	https://github.com/bgruening/galaxytools/tree/master/tools/cellprofiler_v4					0	0	1	1	0	0	0	0	0	0	0	0	0	0	1	0	0	0	0	0	0	0	0	0	0	0	0	0	0	0	0	1	0	0	12	12	60	60	0	0	0	0	0	0	0	0	0	0	0	0	60	60	12	12			True	
color_deconvolution	ip_color_deconvolution	Color-deconvolution methods	2024-09-30	https://github.com/bmcv	0.9	scikit-image		To update	Imaging	Image analysis	Image analysis	Imaging, Bioinformatics	Imaging, Bioinformatics	imgteam	https://github.com/BMCV/galaxy-image-analysis/tree/master/tools/color_deconvolution/	https://github.com/BMCV/galaxy-image-analysis/tree/master/tools/color_deconvolution	galaxy_image_analysis	Galaxy Image Analysis	Galaxy Image Analysis is mainly developed by the Biomedical Computer Vision (BMCV) Group at Heidelberg University. Its dedication is to provide tools for image analysis and image processing for the Galaxy platform.		0	0	1	0	0	0	0	0	0	0	0	0	0	0	0	0	0	0	0	0	0	0	0	0	0	0	0	0	0	0	0	0	1	0	7	9	132	135	0	0	0	0	0	0	0	0	0	0	0	0	135	132	9	7	https://usegalaxy.eu/published/workflow?id=035f85c1615e0b7b		True	False
colorize_labels	colorize_labels	Colorize label map	2024-03-12	https://github.com/bmcv	3.2.1	networkx		To update	Imaging					imgteam	https://github.com/BMCV/galaxy-image-analysis/tree/master/tools/colorize_labels	https://github.com/BMCV/galaxy-image-analysis/tree/master/tools/colorize_labels					0	0	1	0	0	0	0	0	0	0	0	0	0	0	0	0	0	0	0	0	0	0	0	0	0	0	0	0	0	0	1	0	0	0	16	16	257	257	0	0	0	0	0	0	0	0	0	0	0	0	257	257	16	16	https://usegalaxy.eu/published/workflow?id=23030421cd9fcfb2, https://usegalaxy.eu/published/workflow?id=bc78c184fabcff1d, https://workflowhub.eu/workflows/1522?version=1, https://workflowhub.eu/workflows/1730?version=1	imaging/voronoi-segmentation	True	False
concat_channels	ip_concat_channels	Concatenate images	2017-10-30	https://github.com/bmcv	0.5	scikit-image		To update	Imaging	Image analysis	Image analysis	Imaging, Bioinformatics	Imaging, Bioinformatics	imgteam	https://github.com/BMCV/galaxy-image-analysis/tree/master/tools/concat_channels/	https://github.com/BMCV/galaxy-image-analysis/tree/master/tools/concat_channels	galaxy_image_analysis	Galaxy Image Analysis	Galaxy Image Analysis is mainly developed by the Biomedical Computer Vision (BMCV) Group at Heidelberg University. Its dedication is to provide tools for image analysis and image processing for the Galaxy platform.		0	0	1	0	0	0	0	0	0	0	0	0	0	0	0	0	0	0	0	0	0	0	0	0	0	0	0	0	0	0	0	1	1	0	12	15	43	87	0	0	0	0	0	0	0	0	0	0	0	0	87	43	15	12			True	False
coordinates_of_roi	ip_coordinates_of_roi	Coordinates of ROI	2019-01-08	https://github.com/bmcv	0.0.4-2	scikit-image		To update	Imaging	Image analysis	Image analysis	Imaging, Bioinformatics	Imaging, Bioinformatics	imgteam	https://github.com/BMCV/galaxy-image-analysis/tree/master/tools/coordinates_of_roi/	https://github.com/BMCV/galaxy-image-analysis/tree/master/tools/coordinates_of_roi	galaxy_image_analysis	Galaxy Image Analysis	Galaxy Image Analysis is mainly developed by the Biomedical Computer Vision (BMCV) Group at Heidelberg University. Its dedication is to provide tools for image analysis and image processing for the Galaxy platform.		0	0	1	0	0	0	0	0	0	0	0	0	0	0	0	0	0	0	0	0	0	0	0	0	0	0	0	0	0	0	0	1	1	0	13	14	15194	17323	0	0	0	0	0	0	0	0	0	0	0	0	17323	15194	14	13	https://usegalaxy.eu/published/workflow?id=03e8b0d3dcedc092, https://usegalaxy.eu/published/workflow?id=64bb7a64877034dc		True	False
count_objects	ip_count_objects	Count Objects	2019-01-08	https://github.com/bmcv	0.0.5-2	scikit-image		To update	Imaging	Image analysis	Image analysis	Imaging, Bioinformatics	Imaging, Bioinformatics	imgteam	https://github.com/BMCV/galaxy-image-analysis/tree/master/tools/count_objects/	https://github.com/BMCV/galaxy-image-analysis/tree/master/tools/count_objects	galaxy_image_analysis	Galaxy Image Analysis	Galaxy Image Analysis is mainly developed by the Biomedical Computer Vision (BMCV) Group at Heidelberg University. Its dedication is to provide tools for image analysis and image processing for the Galaxy platform.		1	1	1	1	0	0	0	0	0	0	0	0	0	0	1	0	0	0	0	0	0	0	0	0	0	0	0	0	0	0	1	1	1	0	79	96	1176	1241	8	8	24	24	7	7	183	183	0	0	0	0	1448	1383	111	94	https://usegalaxy.eu/published/workflow?id=1ffacb28226460ac, https://usegalaxy.eu/published/workflow?id=23030421cd9fcfb2, https://usegalaxy.eu/published/workflow?id=6fbd9b2274c62ebe, https://usegalaxy.eu/published/workflow?id=bc78c184fabcff1d, https://usegalaxy.eu/published/workflow?id=dc8b78d093be59ae, https://usegalaxy.org.au/published/workflow?id=2a1e4de0dc77bbed, https://usegalaxy.org.au/published/workflow?id=8e28c3b252062b3b, https://usegalaxy.org/published/workflow?id=a8e39acc103c3d6b, https://usegalaxy.org/published/workflow?id=d47cddc372c88094, https://workflowhub.eu/workflows/1522?version=1, https://workflowhub.eu/workflows/1532?version=1, https://workflowhub.eu/workflows/1730?version=1, https://workflowhub.eu/workflows/771?version=2	imaging/imaging-introduction, imaging/voronoi-segmentation	True	False
crop_image	ip_crop_image	Crop image	2025-06-06	https://github.com/bmcv	0.4.1	giatools	0.7.3	To update	Imaging					imgteam	https://github.com/BMCV/galaxy-image-analysis/tree/master/tools/crop_image/	https://github.com/BMCV/galaxy-image-analysis/tree/master/tools/crop_image	giatools	giatools	Tools required for Galaxy Image Analysis		0	0	1	0	0	0	0	0	0	0	0	0	0	0	0	0	0	0	0	0	0	0	0	0	0	0	0	0	0	0	0	0	0	0	1	1	1	1	0	0	0	0	0	0	0	0	0	0	0	0	1	1	1	1			True	
curve_fitting	ip_curve_fitting	Polynomial curve fitting to data points	2021-07-22	https://github.com/BMCV/galaxy-image-analysis	0.0.3-2	numpy		To update	Imaging	Image analysis	Image analysis	Imaging, Bioinformatics	Imaging, Bioinformatics	imgteam	https://github.com/BMCV/galaxy-image-analysis/tree/master/tools/curve_fitting/	https://github.com/BMCV/galaxy-image-analysis/tree/master/tools/curve_fitting	galaxy_image_analysis	Galaxy Image Analysis	Galaxy Image Analysis is mainly developed by the Biomedical Computer Vision (BMCV) Group at Heidelberg University. Its dedication is to provide tools for image analysis and image processing for the Galaxy platform.		1	0	1	0	0	0	0	0	0	0	0	0	0	0	0	0	0	0	0	0	0	0	0	0	0	0	0	0	0	0	1	1	0	0	4	4	30	30	0	0	0	0	0	0	0	0	0	0	0	0	30	30	4	4	https://usegalaxy.eu/published/workflow?id=ffa80e0637d079f2, https://workflowhub.eu/workflows/1499?version=1	imaging/detection-of-mitoflashes	True	False
detection_viz	ip_detection_viz	Detection Visualization	2017-10-30	https://github.com/bmcv	0.3-2	scikit-image		To update	Imaging	Image analysis	Image analysis	Imaging, Bioinformatics	Imaging, Bioinformatics	imgteam	https://github.com/BMCV/galaxy-image-analysis/tree/master/tools/detection_viz/	https://github.com/BMCV/galaxy-image-analysis/tree/master/tools/detection_viz	galaxy_image_analysis	Galaxy Image Analysis	Galaxy Image Analysis is mainly developed by the Biomedical Computer Vision (BMCV) Group at Heidelberg University. Its dedication is to provide tools for image analysis and image processing for the Galaxy platform.		0	0	1	0	0	0	0	0	0	0	0	0	0	0	0	0	0	0	0	0	0	0	0	0	0	0	0	0	0	0	0	1	1	0	6	9	6	49	0	0	0	0	0	0	0	0	0	0	0	0	49	6	9	6			True	False
fileidentification	fileidentification	Tool to check multimedia files if they are corrupt or duplicated	2025-10-28	https://github.com/dasch-swiss/fileidentification	2.5.0			To update	Data Source, Imaging					iuc	https://github.com/galaxyproject/tools-iuc/tree/main/tools/fileidentification	https://github.com/galaxyproject/tools-iuc/tree/main/tools/fileidentification					0	0	1	0	0	0	0	0	0	0	0	0	0	0	0	0	0	0	0	0	0	0	0	0	0	0	0	0	0	0	0	0	0	0	0	0	0	0	0	0	0	0	0	0	0	0	0	0	0	0	0	0	0	0			True	False
graphicsmagick	graphicsmagick_image_compare, graphicsmagick_image_convert, graphicsmagick_image_montage	Contains tools based on GraphicsMagick	2016-12-26	http://www.graphicsmagick.org	1.3.46	graphicsmagick	1.3.26	To update	Imaging					bgruening	https://github.com/bgruening/galaxytools/tree/master/tools/image_processing/graphicsmagick	https://github.com/bgruening/galaxytools/tree/master/tools/image_processing/graphicsmagick					1	0	3	0	0	0	0	0	0	0	0	0	0	0	0	0	0	0	0	0	0	0	0	0	0	0	0	0	0	0	2	2	2	0	75	88	2336	3749	10	10	94	94	0	0	0	0	0	0	0	0	3843	2430	98	85	https://usegalaxy.eu/published/workflow?id=03e8b0d3dcedc092, https://usegalaxy.eu/published/workflow?id=0b2304aa2083bd1a, https://usegalaxy.eu/published/workflow?id=0c6dd9e75d9a2130, https://usegalaxy.eu/published/workflow?id=2571f7d13686efb2, https://usegalaxy.eu/published/workflow?id=4f0f3b911b4e4921, https://usegalaxy.eu/published/workflow?id=64bb7a64877034dc, https://usegalaxy.eu/published/workflow?id=6afc245029ce5008, https://usegalaxy.eu/published/workflow?id=751e3e2c338949c0, https://usegalaxy.eu/published/workflow?id=7f8ff64c5ea03a9b, https://usegalaxy.eu/published/workflow?id=b4bfcbf8acee9cc3, https://workflowhub.eu/workflows/1432?version=1, https://workflowhub.eu/workflows/1745?version=2, https://workflowhub.eu/workflows/1840?version=1, https://workflowhub.eu/workflows/1848?version=1, https://workflowhub.eu/workflows/807?version=1	climate/pangeo, ecology/x-array-map-plot, galaxy-interface/workflow-posters, imaging/electrophoresis-gel-bands-image-analysis, imaging/yolo-segmentation-training	True	
hyperstack_to_bleach_corrected_movie	hyperstack_to_bleach_corrected_movie	Generate blach corrected movie from hyperstack	2023-02-27		20241220	Fiji	20250206	To update	Imaging					lldelisle	https://github.com/lldelisle/tools-lldelisle/tree/master/tools/hyperstack_to_bleach_corrected_movie	https://github.com/lldelisle/tools-lldelisle/tree/master/tools/hyperstack_to_bleach_corrected_movie					0	0	0	0	0	0	0	0	0	0	0	0	0	0	0	0	0	0	0	0	0	0	0	0	0	0	0	0	0	0	0	0	0	0	0	0	0	0	0	0	0	0	0	0	0	0	0	0	0	0	0	0	0	0			True	False
image_info	ip_imageinfo	Extracts image metadata	2019-07-19	https://github.com/bmcv	5.7.1	bftools	8.0.0	To update	Imaging					imgteam	https://github.com/BMCV/galaxy-image-analysis/tree/master/tools/image_info/	https://github.com/BMCV/galaxy-image-analysis/tree/master/tools/image_info				python-bioformats	0	1	1	1	0	0	0	0	0	0	0	0	0	0	1	0	0	0	0	0	0	0	0	0	0	0	0	0	0	0	1	1	1	0	100	122	436	887	0	0	0	0	16	16	206	206	0	0	0	0	1093	642	138	116	https://usegalaxy.eu/published/workflow?id=2571f7d13686efb2, https://usegalaxy.org.au/published/workflow?id=2a1e4de0dc77bbed, https://workflowhub.eu/workflows/1532?version=1, https://workflowhub.eu/workflows/1848?version=1	imaging/electrophoresis-gel-bands-image-analysis, imaging/imaging-introduction, imaging/voronoi-segmentation	True	False
image_math	image_math	Process images using arithmetic expressions	2024-03-09	https://github.com/bmcv	1.26.4	numpy		To update	Imaging					imgteam	https://github.com/BMCV/galaxy-image-analysis/tree/master/tools/image_math	https://github.com/BMCV/galaxy-image-analysis/tree/master/tools/image_math					0	1	1	0	0	0	0	0	0	0	0	0	0	0	0	0	0	0	0	0	0	0	0	0	0	0	0	0	0	0	1	0	0	0	16	16	380	380	0	0	0	0	1	1	11	11	0	0	0	0	391	391	17	17	https://usegalaxy.eu/published/workflow?id=23030421cd9fcfb2, https://usegalaxy.eu/published/workflow?id=bc78c184fabcff1d, https://workflowhub.eu/workflows/1522?version=1, https://workflowhub.eu/workflows/1526?version=1, https://workflowhub.eu/workflows/1730?version=1	imaging/process-image-bioimageio, imaging/voronoi-segmentation	True	False
image_registration_affine	ip_image_registration	Intensity-based Image Registration	2020-12-29	https://github.com/bmcv	0.0.3-2	scikit-image		To update	Imaging	Image analysis	Image analysis	Imaging, Bioinformatics	Imaging, Bioinformatics	imgteam	https://github.com/BMCV/galaxy-image-analysis/tree/master/tools/image_registration_affine/	https://github.com/BMCV/galaxy-image-analysis/tree/master/tools/image_registration_affine	galaxy_image_analysis	Galaxy Image Analysis	Galaxy Image Analysis is mainly developed by the Biomedical Computer Vision (BMCV) Group at Heidelberg University. Its dedication is to provide tools for image analysis and image processing for the Galaxy platform.		0	0	1	0	0	0	0	0	0	0	0	0	0	0	0	0	0	0	0	0	0	0	0	0	0	0	0	0	0	0	0	1	0	0	5	5	17	17	0	0	0	0	0	0	0	0	0	0	0	0	17	17	5	5			True	False
imagecoordinates_flipaxis	imagecoordinates_flipaxis	Flip coordinate axes	2019-03-08	https://github.com/bmcv	0.1-2	pandas		To update	Imaging	Image analysis	Image analysis	Imaging, Bioinformatics	Imaging, Bioinformatics	imgteam	https://github.com/BMCV/galaxy-image-analysis/tree/master/tools/imagecoordinates_flipaxis/	https://github.com/BMCV/galaxy-image-analysis/tree/master/tools/imagecoordinates_flipaxis	galaxy_image_analysis	Galaxy Image Analysis	Galaxy Image Analysis is mainly developed by the Biomedical Computer Vision (BMCV) Group at Heidelberg University. Its dedication is to provide tools for image analysis and image processing for the Galaxy platform.		0	0	1	0	0	0	0	0	0	0	0	0	0	0	0	0	0	0	0	0	0	0	0	0	0	0	0	0	0	0	0	1	1	0	11	14	19734	21898	0	0	0	0	0	0	0	0	0	0	0	0	21898	19734	14	11	https://usegalaxy.eu/published/workflow?id=03e8b0d3dcedc092, https://usegalaxy.eu/published/workflow?id=64bb7a64877034dc		True	False
imagej2	imagej2_adjust_threshold_binary, imagej2_analyze_particles_binary, imagej2_analyze_skeleton, imagej2_binary_to_edm, imagej2_bunwarpj_adapt_transform, imagej2_bunwarpj_align, imagej2_bunwarpj_compare_elastic, imagej2_bunwarpj_compare_elastic_raw, imagej2_bunwarpj_compare_raw, imagej2_bunwarpj_compose_elastic, imagej2_bunwarpj_compose_raw, imagej2_bunwarpj_compose_raw_elastic, imagej2_bunwarpj_convert_to_raw, imagej2_bunwarpj_elastic_transform, imagej2_bunwarpj_raw_transform, imagej2_create_image, imagej2_crop, imagej2_enhance_contrast, imagej2_filter, imagej2_find_edges, imagej2_find_maxima, imagej2_make_binary, imagej2_math, imagej2_noise, imagej2_shadows, imagej2_sharpen, imagej2_skeletonize3d, imagej2_smooth, imagej2_watershed_binary	ImageJ2 is a new version of ImageJ for the next generation of multidimensionalimage data, with a focus on scientific imaging.	2015-05-05	http://fiji.sc	20240614			To update	Imaging	Image analysis, Image annotation, Visualisation	Image analysis, Image annotation, Visualisation	Imaging	Imaging	imgteam	https://github.com/bgruening/galaxytools/tree/master/tools/image_processing/imagej2	https://github.com/bgruening/galaxytools/tree/master/tools/image_processing/imagej2	imagej	ImageJ2	It is a public domain Java image processing program, which was designed with an open architecture. Custom acquisition, analysis and processing plugins can be developed using ImageJâ€™s built-in editor and a Java compiler. User-written plugins make it possible to solve many image processing and analysis problems, from three-dimensional live-cell imaging, to radiological image processing, multiple imaging system data comparisons to automated hematology systems.	imagej2	0	0	27	0	0	0	0	0	0	0	0	0	0	0	0	0	0	0	0	0	0	0	0	0	0	0	0	0	0	0	0	27	27	0	12	13	515	1918	0	0	0	0	0	0	0	0	0	0	0	0	1918	515	13	12	https://workflowhub.eu/workflows/1259?version=1		True	
imagemagick	imagemagick_image_compare, imagemagick_image_convert, imagemagick_image_montage	Contains tools based on ImageMagick	2025-08-29	https://imagemagick.org/	7.1.2-2	imagemagick		To update	Imaging					bgruening	https://github.com/bgruening/galaxytools/tree/master/tools/image_processing/imagemagick	https://github.com/bgruening/galaxytools/tree/master/tools/image_processing/imagemagick					3	0	1	0	0	0	0	0	0	0	0	0	0	0	0	0	0	0	0	0	0	0	0	0	0	0	0	0	0	0	0	1	0	0	0	0	0	0	0	0	0	0	0	0	0	0	0	0	0	0	0	0	0	0	https://usegalaxy.eu/published/workflow?id=cf4638fbca7c460b, https://usegalaxy.org/published/workflow?id=2ff2961f044cac0f, https://usegalaxy.org/published/workflow?id=3a92253f57e553bd, https://usegalaxy.org/published/workflow?id=67252039bce060b2, https://usegalaxy.org/published/workflow?id=7fd68212ce020e6a, https://usegalaxy.org/published/workflow?id=b4f9d9aafe87af82, https://usegalaxy.org/published/workflow?id=beefb67de2b0728c, https://usegalaxy.org/published/workflow?id=c03ada2070e9ca8a, https://usegalaxy.org/published/workflow?id=d36765ac28c11e1a, https://workflowhub.eu/workflows/625?version=29, https://workflowhub.eu/workflows/632?version=13, https://workflowhub.eu/workflows/641?version=32		True	
incucyte_stack_and_upload_omero	incucyte_stack_and_upload_omero	Combine images to stack and upload to the omero server	2023-02-17		20231221	Fiji	20250206	To update	Imaging					lldelisle	https://github.com/lldelisle/tools-lldelisle/tree/master/tools/incucyte_stack_and_upload_omero	https://github.com/lldelisle/tools-lldelisle/tree/master/tools/incucyte_stack_and_upload_omero					0	0	0	0	0	0	0	0	0	0	0	0	0	0	0	0	0	0	0	0	0	0	0	0	0	0	0	0	0	0	0	0	0	0	0	0	0	0	0	0	0	0	0	0	0	0	0	0	0	0	0	0	0	0			True	
iscc_sum	iscc_sum_similarity, iscc_sum, iscc_sum_verify	Generate ISCC hashes for content identification and similarity matching	2025-11-06	https://iscc.codes/	0.1.0	iscc-sum	0.1.0	Up-to-date	Imaging, Text Manipulation, Data Export					imgteam	https://github.com/BMCV/galaxy-image-analysis/tree/master/tools/iscc-sum	https://github.com/BMCV/galaxy-image-analysis/tree/master/tools/iscc-sum					0	0	3	0	0	0	0	0	0	0	0	0	0	0	0	0	0	0	0	0	0	0	0	0	0	0	0	0	0	0	0	0	0	0	0	0	0	0	0	0	0	0	0	0	0	0	0	0	0	0	0	0	0	0			True	
label_to_binary	label_to_binary	Convert label map to binary image	2024-03-13	https://github.com/bmcv	1.26.4	numpy		To update	Imaging	Image analysis	Image analysis	Imaging, Bioinformatics	Imaging, Bioinformatics	imgteam	https://github.com/BMCV/galaxy-image-analysis/tree/master/tools/label_to_binary/	https://github.com/BMCV/galaxy-image-analysis/tree/master/tools/label_to_binary	galaxy_image_analysis	Galaxy Image Analysis	Galaxy Image Analysis is mainly developed by the Biomedical Computer Vision (BMCV) Group at Heidelberg University. Its dedication is to provide tools for image analysis and image processing for the Galaxy platform.		0	0	1	0	0	0	0	0	0	0	0	0	0	0	0	0	0	0	0	0	0	0	0	0	0	0	0	0	0	0	0	0	0	0	1	1	104	104	0	0	0	0	0	0	0	0	0	0	0	0	104	104	1	1			True	False
labelimage2points	ip_labelimage_to_points	Label Image to Points	2017-10-30	https://github.com/bmcv	0.2-2	scikit-image		To update	Imaging	Image analysis	Image analysis	Imaging, Bioinformatics	Imaging, Bioinformatics	imgteam	https://github.com/BMCV/galaxy-image-analysis/tree/master/tools/labelimage2points/	https://github.com/BMCV/galaxy-image-analysis/tree/master/tools/labelimage2points	galaxy_image_analysis	Galaxy Image Analysis	Galaxy Image Analysis is mainly developed by the Biomedical Computer Vision (BMCV) Group at Heidelberg University. Its dedication is to provide tools for image analysis and image processing for the Galaxy platform.		0	0	1	0	0	0	0	0	0	0	0	0	0	0	0	0	0	0	0	0	0	0	0	0	0	0	0	0	0	0	0	1	1	0	2	3	106	142	0	0	0	0	0	0	0	0	0	0	0	0	142	106	3	2			True	False
landmark_registration	ip_landmark_registration	Landmark Registration	2019-02-04	https://github.com/bmcv	0.1.0-2	scikit-image		To update	Imaging	Image analysis	Image analysis	Imaging, Bioinformatics	Imaging, Bioinformatics	imgteam	https://github.com/BMCV/galaxy-image-analysis/tree/master/tools/landmark_registration/	https://github.com/BMCV/galaxy-image-analysis/tree/master/tools/landmark_registration	galaxy_image_analysis	Galaxy Image Analysis	Galaxy Image Analysis is mainly developed by the Biomedical Computer Vision (BMCV) Group at Heidelberg University. Its dedication is to provide tools for image analysis and image processing for the Galaxy platform.		1	0	1	0	0	0	0	0	0	0	0	0	0	0	0	0	0	0	0	0	0	0	0	0	0	0	0	0	0	0	0	1	1	0	16	19	871	1035	6	6	7	7	0	0	0	0	0	0	0	0	1042	878	25	22	https://usegalaxy.eu/published/workflow?id=03e8b0d3dcedc092, https://usegalaxy.eu/published/workflow?id=1eaff95bfeb13890, https://usegalaxy.eu/published/workflow?id=64bb7a64877034dc		True	False
mahotas_features	ip_mahotas_features	Compute image features using mahotas.	2024-09-30	https://github.com/luispedro/mahotas	0.7-2	mahotas		To update	Imaging					imgteam	https://github.com/BMCV/galaxy-image-analysis/tree/master/tools/mahotas-features/	https://github.com/BMCV/galaxy-image-analysis/tree/master/tools/mahotas_features				mahotas-feature-computation	0	0	1	0	0	0	0	0	0	0	0	0	0	0	0	0	0	0	0	0	0	0	0	0	0	0	0	0	0	0	0	1	1	0	6	7	10	45	0	0	0	0	0	0	0	0	0	0	0	0	45	10	7	6			True	False
max_projections_stack_and_upload_omero	max_projections_stack_and_upload_omero	Combine images from max projections to stack and upload to the omero server	2024-12-12		20241213.2	Fiji	20250206	To update	Imaging					lldelisle	https://github.com/lldelisle/tools-lldelisle/tree/master/tools/max_projections_stack_and_upload_omero	https://github.com/lldelisle/tools-lldelisle/tree/master/tools/max_projections_stack_and_upload_omero					0	0	0	0	0	0	0	0	0	0	0	0	0	0	0	0	0	0	0	0	0	0	0	0	0	0	0	0	0	0	0	0	0	0	0	0	0	0	0	0	0	0	0	0	0	0	0	0	0	0	0	0	0	0			True	False
mergeneighboursinlabelimage	ip_merge_neighbours_in_label	Merge Neighbours in Label Image	2019-01-08	https://github.com/bmcv	0.3-2	scikit-image		To update	Imaging	Image analysis	Image analysis	Imaging, Bioinformatics	Imaging, Bioinformatics	imgteam	https://github.com/BMCV/galaxy-image-analysis/tree/master/tools/\mergeneighboursinlabelimage	https://github.com/BMCV/galaxy-image-analysis/tree/master/tools/mergeneighboursinlabelimage	galaxy_image_analysis	Galaxy Image Analysis	Galaxy Image Analysis is mainly developed by the Biomedical Computer Vision (BMCV) Group at Heidelberg University. Its dedication is to provide tools for image analysis and image processing for the Galaxy platform.		0	0	1	0	0	0	0	0	0	0	0	0	0	0	0	0	0	0	0	0	0	0	0	0	0	0	0	0	0	0	0	1	1	0	1	3	1	25	0	0	0	0	0	0	0	0	0	0	0	0	25	1	3	1			True	False
morphological_operations	morphological_operations	Apply morphological operations to images	2024-03-08	https://github.com/bmcv	1.12.0	scipy		To update	Imaging					imgteam	https://github.com/BMCV/galaxy-image-analysis/tree/master/tools/morphological_operations	https://github.com/BMCV/galaxy-image-analysis/tree/master/tools/morphological_operations				scipy	0	0	1	0	0	0	0	0	0	0	0	0	0	0	0	0	0	0	0	0	0	0	0	0	0	0	0	0	0	0	0	0	0	0	1	1	298	298	0	0	0	0	0	0	0	0	0	0	0	0	298	298	1	1			True	False
omero_clean_rois_tables	omero_clean_rois_tables	Remove all ROIs and all tables on OMERO associated to an omero object and recursively up and down	2023-06-23		20230623	fiji	20250206	To update	Imaging					lldelisle	https://github.com/lldelisle/tools-lldelisle/tree/master/tools/omero_clean_rois_tables	https://github.com/lldelisle/tools-lldelisle/tree/master/tools/omero_clean_rois_tables					0	0	0	0	0	0	0	0	0	0	0	0	0	0	0	0	0	0	0	0	0	0	0	0	0	0	0	0	0	0	0	0	0	0	0	0	0	0	0	0	0	0	0	0	0	0	0	0	0	0	0	0	0	0			True	False
omero_get_children_ids	omero_get_children_ids	Get omero id of children of an omero object id	2023-12-22		0.2.0	omero-py	5.11.1	To update	Imaging					lldelisle	https://github.com/lldelisle/tools-lldelisle/tree/master/tools/omero_get_children_ids	https://github.com/lldelisle/tools-lldelisle/tree/master/tools/omero_get_children_ids					0	0	0	0	0	0	0	0	0	0	0	0	0	0	0	0	0	0	0	0	0	0	0	0	0	0	0	0	0	0	0	0	0	0	0	0	0	0	0	0	0	0	0	0	0	0	0	0	0	0	0	0	0	0			True	False
omero_get_full_images	omero_get_full_images	Get full images from omero	2024-05-21		20240521	fiji	20250206	To update	Imaging					lldelisle	https://github.com/lldelisle/tools-lldelisle/tree/master/tools/omero_get_full_images	https://github.com/lldelisle/tools-lldelisle/tree/master/tools/omero_get_full_images					0	0	0	0	0	0	0	0	0	0	0	0	0	0	0	0	0	0	0	0	0	0	0	0	0	0	0	0	0	0	0	0	0	0	0	0	0	0	0	0	0	0	0	0	0	0	0	0	0	0	0	0	0	0			True	False
omero_hyperstack_to_fluo_measurements_on_gastruloid	omero_hyperstack_to_fluo_measurements_on_gastruloid	Analyse Hyperstack on OMERO server to measure fluorescence levels	2023-03-24		20230809	fiji	20250206	To update	Imaging					lldelisle	https://github.com/lldelisle/tools-lldelisle/tree/master/tools/omero_hyperstack_to_fluo_measurements_on_gastruloid	https://github.com/lldelisle/tools-lldelisle/tree/master/tools/omero_hyperstack_to_fluo_measurements_on_gastruloid					0	0	0	0	0	0	0	0	0	0	0	0	0	0	0	0	0	0	0	0	0	0	0	0	0	0	0	0	0	0	0	0	0	0	0	0	0	0	0	0	0	0	0	0	0	0	0	0	0	0	0	0	0	0			True	False
omero_hyperstack_to_gastruloid_measurements	omero_hyperstack_to_gastruloid_measurements	Analyse Hyperstack on OMERO server to segment gastruloid and compute measurements	2023-03-24		20240214	fiji	20250206	To update	Imaging					lldelisle	https://github.com/lldelisle/tools-lldelisle/tree/master/tools/omero_hyperstack_to_gastruloid_measurements	https://github.com/lldelisle/tools-lldelisle/tree/master/tools/omero_hyperstack_to_gastruloid_measurements					0	0	0	0	0	0	0	0	0	0	0	0	0	0	0	0	0	0	0	0	0	0	0	0	0	0	0	0	0	0	0	0	0	0	0	0	0	0	0	0	0	0	0	0	0	0	0	0	0	0	0	0	0	0			True	False
omero_upload	omero_dataset_to_plate, omero_filter, omero_get_id, omero_get_value, omero_import, omero_metadata_import, omero_roi_import	Interact with an OMERO.server using omero-py and ezomero.	2024-02-07	https://github.com/ome/omero-py/	5.18.0			To update	Imaging	Image analysis	Image analysis	Imaging, Data visualisation	Imaging, Data visualisation	ufz	https://github.com/Helmholtz-UFZ/galaxy-tools/tree/main/tools/omero	https://github.com/Helmholtz-UFZ/galaxy-tools/tree/main/tools/omero	omero	OMERO	Client-server Java software for visualisation, management and analysis of biological microscope images.		0	0	3	0	0	0	0	0	0	0	0	0	0	0	5	0	0	0	0	0	0	0	0	0	0	0	0	0	0	0	0	0	0	0	2	2	4	4	0	0	0	0	0	0	0	0	0	0	0	0	4	4	2	2	https://workflowhub.eu/workflows/1258?version=1, https://workflowhub.eu/workflows/1259?version=1	imaging/omero-suite	True	False
orientationpy	orientationpy	Compute image orientation	2024-03-12	https://github.com/bmcv	0.2.0.4	orientationpy	0.2.0.4	Up-to-date	Imaging					imgteam	https://github.com/BMCV/galaxy-image-analysis/tree/master/tools/orientationpy	https://github.com/BMCV/galaxy-image-analysis/tree/master/tools/orientationpy				orientationj	0	0	1	0	0	0	0	0	0	0	0	0	0	0	0	0	0	0	0	0	0	0	0	0	0	0	0	0	0	0	0	0	0	0	2	2	105	105	0	0	0	0	0	0	0	0	0	0	0	0	105	105	2	2			True	False
overlay_images	ip_overlay_images	Overlay two images	2022-02-26	https://github.com/BMCV/galaxy-image-analysis	0.0.5	scikit-image		To update	Imaging	Image analysis	Image analysis	Imaging, Bioinformatics	Imaging, Bioinformatics	imgteam	https://github.com/BMCV/galaxy-image-analysis/tree/master/tools/overlay_images/	https://github.com/BMCV/galaxy-image-analysis/tree/master/tools/overlay_images	galaxy_image_analysis	Galaxy Image Analysis	Galaxy Image Analysis is mainly developed by the Biomedical Computer Vision (BMCV) Group at Heidelberg University. Its dedication is to provide tools for image analysis and image processing for the Galaxy platform.		1	1	1	1	0	0	0	0	0	0	0	0	0	0	1	0	0	0	0	0	0	0	0	0	0	0	0	0	0	0	1	1	0	0	56	56	466	466	4	4	19	19	2	2	303	303	0	0	0	0	788	788	62	62	https://usegalaxy.eu/published/workflow?id=1ffacb28226460ac, https://usegalaxy.eu/published/workflow?id=23030421cd9fcfb2, https://usegalaxy.eu/published/workflow?id=6fbd9b2274c62ebe, https://usegalaxy.eu/published/workflow?id=7d7550ce7004d71e, https://usegalaxy.eu/published/workflow?id=bc78c184fabcff1d, https://usegalaxy.eu/published/workflow?id=dc8b78d093be59ae, https://usegalaxy.org.au/published/workflow?id=8e28c3b252062b3b, https://usegalaxy.org/published/workflow?id=a8e39acc103c3d6b, https://usegalaxy.org/published/workflow?id=d47cddc372c88094, https://workflowhub.eu/workflows/1522?version=1, https://workflowhub.eu/workflows/1526?version=1, https://workflowhub.eu/workflows/1528?version=1, https://workflowhub.eu/workflows/1532?version=1, https://workflowhub.eu/workflows/1730?version=1, https://workflowhub.eu/workflows/771?version=2	imaging/2D-spot-detection, imaging/imaging-introduction, imaging/process-image-bioimageio, imaging/voronoi-segmentation	True	False
pdfimages	pdfimages	PDF image extractor.	2025-07-31	https://gitlab.freedesktop.org/poppler/poppler/	25.07.0	poppler		To update	Imaging, Natural Language Processing					iuc	https://github.com/galaxyproject/tools-iuc/tree/main/tools/pdfimages	https://github.com/galaxyproject/tools-iuc/tree/main/tools/pdfimages					0	0	1	0	0	0	0	0	0	0	0	0	0	0	0	0	0	0	0	0	0	0	0	0	0	0	0	0	0	0	0	0	0	0	2	2	15	15	0	0	0	0	0	0	0	0	0	0	0	0	15	15	2	2	https://usegalaxy.eu/published/workflow?id=cd5bae8c9bed36e2		True	
permutate_axis	ip_permutate_axis	Permutates axes	2017-10-30	https://github.com/bmcv	0.2-2	scikit-image		To update	Imaging	Image analysis	Image analysis	Imaging, Bioinformatics	Imaging, Bioinformatics	imgteam	https://github.com/BMCV/galaxy-image-analysis/tree/master/tools/permutate_axis/	https://github.com/BMCV/galaxy-image-analysis/tree/master/tools/permutate_axis	galaxy_image_analysis	Galaxy Image Analysis	Galaxy Image Analysis is mainly developed by the Biomedical Computer Vision (BMCV) Group at Heidelberg University. Its dedication is to provide tools for image analysis and image processing for the Galaxy platform.		0	0	1	0	0	0	0	0	0	0	0	0	0	0	0	0	0	0	0	0	0	0	0	0	0	0	0	0	0	0	0	1	1	0	0	2	0	42	0	0	0	0	0	0	0	0	0	0	0	0	42	0	2	0			True	False
plantseg	plantseg	Tool for cell instance aware segmentation in densely packed 3D volumetric images	2024-06-19	https://github.com/bmcv	1.8.1	plant-seg		To update	Imaging	Network analysis, Quantification, Microscope image visualisation	Network analysis, Quantification, Microscope image visualisation	Plant biology, Bioimaging, Light microscopy, Machine learning, Electron microscopy	Plant biology, Bioimaging, Light microscopy, Machine learning, Electron microscopy	imgteam	https://github.com/BMCV/galaxy-image-analysis/tree/master/tools/plantseg/	https://github.com/BMCV/galaxy-image-analysis/tree/master/tools/plantseg	plantseg	PlantSeg	Accurate and Versatile 3D Segmentation of Plant Tissues at Cellular Resolution.PlantSeg is a tool for cell instance aware segmentation in densely packed 3D volumetric images. The pipeline uses a two stages segmentation strategy (Neural Network + Segmentation). The pipeline is tuned for plant cell tissue acquired with confocal and light sheet microscopy. Pre-trained models are provided.		0	0	1	0	0	0	0	0	0	0	0	0	0	0	0	0	0	0	0	0	0	0	0	0	0	0	0	0	0	0	0	0	0	0	0	0	0	0	0	0	0	0	0	0	0	0	0	0	0	0	0	0	0	0			True	False
points2labelimage	ip_points_to_label	Points to label image	2017-10-30	https://github.com/bmcv	0.5.0	scikit-image		To update	Imaging	Image analysis	Image analysis	Imaging, Bioinformatics	Imaging, Bioinformatics	imgteam	https://github.com/BMCV/galaxy-image-analysis/tree/master/tools/points2labelimage/	https://github.com/BMCV/galaxy-image-analysis/tree/master/tools/points2labelimage	galaxy_image_analysis	Galaxy Image Analysis	Galaxy Image Analysis is mainly developed by the Biomedical Computer Vision (BMCV) Group at Heidelberg University. Its dedication is to provide tools for image analysis and image processing for the Galaxy platform.		0	0	1	0	0	0	0	0	0	0	0	0	0	0	0	0	0	0	0	0	0	0	0	0	0	0	0	0	0	0	1	1	1	0	2	3	46	77	0	0	0	0	0	0	0	0	0	0	0	0	77	46	3	2	https://usegalaxy.eu/published/workflow?id=2571f7d13686efb2, https://workflowhub.eu/workflows/1528?version=1, https://workflowhub.eu/workflows/1848?version=1	imaging/2D-spot-detection, imaging/electrophoresis-gel-bands-image-analysis	True	False
points_association_nn	ip_points_association_nn	Association of points in consecutive frames	2021-07-22	https://github.com/BMCV/galaxy-image-analysis	0.0.3-2	numpy		To update	Imaging	Image analysis	Image analysis	Imaging, Bioinformatics	Imaging, Bioinformatics	imgteam	https://github.com/BMCV/galaxy-image-analysis/tree/master/tools/points_association_nn/	https://github.com/BMCV/galaxy-image-analysis/tree/master/tools/points_association_nn	galaxy_image_analysis	Galaxy Image Analysis	Galaxy Image Analysis is mainly developed by the Biomedical Computer Vision (BMCV) Group at Heidelberg University. Its dedication is to provide tools for image analysis and image processing for the Galaxy platform.		1	0	1	0	0	0	0	0	0	0	0	0	0	0	0	0	0	0	0	0	0	0	0	0	0	0	0	0	0	0	1	1	0	0	6	6	47	47	0	0	0	0	0	0	0	0	0	0	0	0	47	47	6	6	https://usegalaxy.eu/published/workflow?id=e25f3ca3a1b4e4d8, https://usegalaxy.eu/published/workflow?id=ffa80e0637d079f2, https://workflowhub.eu/workflows/1499?version=1	imaging/detection-of-mitoflashes	True	False
projective_transformation	ip_projective_transformation	Projective transformation	2018-12-07	https://github.com/bmcv	0.1.2	scikit-image		To update	Imaging	Image analysis	Image analysis	Imaging, Bioinformatics	Imaging, Bioinformatics	imgteam	https://github.com/BMCV/galaxy-image-analysis/tree/master/tools/projective_transformation/	https://github.com/BMCV/galaxy-image-analysis/tree/master/tools/projective_transformation	galaxy_image_analysis	Galaxy Image Analysis	Galaxy Image Analysis is mainly developed by the Biomedical Computer Vision (BMCV) Group at Heidelberg University. Its dedication is to provide tools for image analysis and image processing for the Galaxy platform.		0	0	1	0	0	0	0	0	0	0	0	0	0	0	0	0	0	0	0	0	0	0	0	0	0	0	0	0	0	0	0	1	1	0	3	6	21	86	0	0	0	0	0	0	0	0	0	0	0	0	86	21	6	3	https://usegalaxy.eu/published/workflow?id=1eaff95bfeb13890		True	False
projective_transformation_points	ip_projective_transformation_points	Projective transformation of ROIs defined by pixel (point) coordinates	2018-12-07	https://github.com/bmcv	0.1.1	scikit-image		To update	Imaging	Image analysis	Image analysis	Imaging, Bioinformatics	Imaging, Bioinformatics	imgteam	https://github.com/BMCV/galaxy-image-analysis/tree/master/tools/projective_transformation_points/	https://github.com/BMCV/galaxy-image-analysis/tree/master/tools/projective_transformation_points	galaxy_image_analysis	Galaxy Image Analysis	Galaxy Image Analysis is mainly developed by the Biomedical Computer Vision (BMCV) Group at Heidelberg University. Its dedication is to provide tools for image analysis and image processing for the Galaxy platform.		0	0	1	0	0	0	0	0	0	0	0	0	0	0	0	0	0	0	0	0	0	0	0	0	0	0	0	0	0	0	0	1	1	0	15	20	19258	21493	0	0	0	0	0	0	0	0	0	0	0	0	21493	19258	20	15	https://usegalaxy.eu/published/workflow?id=03e8b0d3dcedc092, https://usegalaxy.eu/published/workflow?id=64bb7a64877034dc		True	False
qupath_roi_splitter	qupath_roi_splitter	Split ROI coordinates of QuPath TMA annotation by cell type	2023-04-12	https://github.com/npinter/ROIsplitter	0.3.2	geojson		To update	Imaging					galaxyp	hhttps://github.com/npinter/ROIsplitter	https://github.com/galaxyproteomics/tools-galaxyp/tree/master/tools/qupath_roi_splitter					0	0	1	0	0	0	0	0	0	0	0	0	0	0	0	0	0	0	0	0	0	0	0	0	0	0	0	0	0	0	0	1	0	0	11	11	232	232	0	0	0	0	0	0	0	0	0	0	0	0	232	232	11	11			True	False
repeat_channels	repeat_channels	Convert single-channel to multi-channel image	2024-04-25	https://github.com/bmcv	1.26.4	numpy		To update	Imaging	Image analysis	Image analysis	Imaging, Bioinformatics	Imaging, Bioinformatics	imgteam	https://github.com/BMCV/galaxy-image-analysis/tree/master/tools/repeat_channels/	https://github.com/BMCV/galaxy-image-analysis/tree/master/tools/repeat_channels	galaxy_image_analysis	Galaxy Image Analysis	Galaxy Image Analysis is mainly developed by the Biomedical Computer Vision (BMCV) Group at Heidelberg University. Its dedication is to provide tools for image analysis and image processing for the Galaxy platform.		0	0	1	0	0	0	0	0	0	0	0	0	0	0	0	0	0	0	0	0	0	0	0	0	0	0	0	0	0	0	1	0	0	0	15	15	101	101	0	0	0	0	0	0	0	0	0	0	0	0	101	101	15	15	https://usegalaxy.eu/published/workflow?id=23030421cd9fcfb2, https://usegalaxy.eu/published/workflow?id=bc78c184fabcff1d, https://workflowhub.eu/workflows/1522?version=1, https://workflowhub.eu/workflows/1730?version=1	imaging/voronoi-segmentation	True	False
rfove	rfove	Perform segmentation region-based fitting of overlapping ellipses	2023-11-12	https://sites.google.com/site/costaspanagiotakis/research/cs	2023.11.12			To update	Imaging	Image analysis	Image analysis	Cell biology, Biomedical science, Imaging	Cell biology, Biomedical science, Imaging	imgteam	https://github.com/BMCV/galaxy-image-analysis/tree/master/tools/rfove/	https://github.com/BMCV/galaxy-image-analysis/tree/master/tools/rfove	rfove	RFOVE	RFOVE (Region-based Fitting of Overlapping Ellipses and its Application to Cells Segmentation) is a MATLAB script for performing image segmentation on cells.		0	0	1	0	0	0	0	0	0	0	0	0	0	0	0	0	0	0	0	0	0	0	0	0	0	0	0	0	0	0	0	0	0	0	7	7	15	15	0	0	0	0	0	0	0	0	0	0	0	0	15	15	7	7			True	False
ridge_filter	ridge_filter_skimage	Ridge filter for images	2025-12-08	https://scikit-image.org/docs/0.25.x/auto_examples/edges/plot_ridge_filter.html	0.22.0	scikit-image		To update	Imaging	Image analysis	Image analysis	Imaging, Bioinformatics	Imaging, Bioinformatics	imgteam	https://github.com/BMCV/galaxy-image-analysis/tree/master/tools/ridge_filter/	https://github.com/BMCV/galaxy-image-analysis/tree/master/tools/ridge_filter	galaxy_image_analysis	Galaxy Image Analysis	Galaxy Image Analysis is mainly developed by the Biomedical Computer Vision (BMCV) Group at Heidelberg University. Its dedication is to provide tools for image analysis and image processing for the Galaxy platform.	scikit-image	0	0	1	0	0	0	0	0	0	0	0	0	0	0	0	0	0	0	0	0	0	0	0	0	0	0	0	0	0	0	0	0	0	0	0	0	0	0	0	0	0	0	0	0	0	0	0	0	0	0	0	0	0	0			True	
scale_image	ip_scale_image	Scales an image by re-sampling the image data.	2018-12-07	https://scikit-image.org/docs/0.25.x/auto_examples/transform/plot_rescale.html	0.25.2	scikit-image		To update	Imaging	Image analysis	Image analysis	Imaging, Bioinformatics	Imaging, Bioinformatics	imgteam	https://github.com/BMCV/galaxy-image-analysis/tree/master/tools/scale_image/	https://github.com/BMCV/galaxy-image-analysis/tree/master/tools/scale_image	galaxy_image_analysis	Galaxy Image Analysis	Galaxy Image Analysis is mainly developed by the Biomedical Computer Vision (BMCV) Group at Heidelberg University. Its dedication is to provide tools for image analysis and image processing for the Galaxy platform.	scikit-image	0	0	1	0	0	0	0	0	0	0	0	0	0	0	0	0	0	0	0	0	0	0	0	0	0	0	0	0	0	0	0	1	1	0	17	20	751	870	0	0	0	0	0	0	0	0	0	0	0	0	870	751	20	17	https://usegalaxy.eu/published/workflow?id=03e8b0d3dcedc092, https://usegalaxy.eu/published/workflow?id=64bb7a64877034dc		True	False
segmetrics	ip_segmetrics	Image segmentation and object detection performance measures	2022-10-07	https://github.com/bmcv	1.4	segmetrics	1.5	To update	Imaging	Image analysis	Image analysis			imgteam	https://github.com/BMCV/galaxy-image-analysis/tree/master/tools/segmetrics/	https://github.com/BMCV/galaxy-image-analysis/tree/master/tools/segmetrics	segmetrics	SegMetrics	Image segmentation and object detection performance measures	segmetrics	0	0	1	0	0	0	0	0	0	0	0	0	0	0	0	0	0	0	0	0	0	0	0	0	0	0	0	0	0	0	1	1	0	0	3	3	88	88	0	0	0	0	0	0	0	0	0	0	0	0	88	88	3	3	https://workflowhub.eu/workflows/1517?version=1	imaging/parameter-tuning	True	False
slice_image	ip_slice_image	Slice image	2017-10-30	https://github.com/bmcv	0.3-4	scikit-image		To update	Imaging	Image analysis	Image analysis	Imaging, Bioinformatics	Imaging, Bioinformatics	imgteam	https://github.com/BMCV/galaxy-image-analysis/tree/master/tools/slice_image/	https://github.com/BMCV/galaxy-image-analysis/tree/master/tools/slice_image	galaxy_image_analysis	Galaxy Image Analysis	Galaxy Image Analysis is mainly developed by the Biomedical Computer Vision (BMCV) Group at Heidelberg University. Its dedication is to provide tools for image analysis and image processing for the Galaxy platform.		1	1	1	0	0	0	0	0	0	0	0	0	0	0	0	0	0	0	0	0	0	0	0	0	0	0	0	0	0	0	0	1	1	0	3	6	4	104	0	0	0	0	1	1	48	48	0	0	0	0	152	52	7	4			True	False
split_image	ip_split_image	Split image along axes	2025-03-07	https://github.com/bmcv	2.3.5	numpy		To update	Imaging	Image analysis	Image analysis	Imaging, Bioinformatics	Imaging, Bioinformatics	imgteam	https://github.com/BMCV/galaxy-image-analysis/tree/master/tools/split_image/	https://github.com/BMCV/galaxy-image-analysis/tree/master/tools/split_image	galaxy_image_analysis	Galaxy Image Analysis	Galaxy Image Analysis is mainly developed by the Biomedical Computer Vision (BMCV) Group at Heidelberg University. Its dedication is to provide tools for image analysis and image processing for the Galaxy platform.		0	0	1	0	0	0	0	0	0	0	0	0	0	0	0	0	0	0	0	0	0	0	0	0	0	0	0	0	0	0	1	0	0	0	17	17	232	232	0	0	0	0	0	0	0	0	0	0	0	0	232	232	17	17	https://usegalaxy.eu/published/workflow?id=035f85c1615e0b7b, https://usegalaxy.eu/published/workflow?id=2571f7d13686efb2, https://usegalaxy.eu/published/workflow?id=7f8ff64c5ea03a9b, https://usegalaxy.eu/published/workflow?id=bc78c184fabcff1d, https://workflowhub.eu/workflows/1526?version=1, https://workflowhub.eu/workflows/1730?version=1, https://workflowhub.eu/workflows/1848?version=1	imaging/electrophoresis-gel-bands-image-analysis, imaging/process-image-bioimageio	True	
split_labelmap	ip_split_labelmap	Split Labelmaps	2018-12-11	https://github.com/bmcv	0.2-3	scikit-image		To update	Imaging	Image analysis	Image analysis	Imaging, Bioinformatics	Imaging, Bioinformatics	imgteam	https://github.com/BMCV/galaxy-image-analysis/tree/master/tools/split_labelmaps/	https://github.com/BMCV/galaxy-image-analysis/tree/master/tools/split_labelmap	galaxy_image_analysis	Galaxy Image Analysis	Galaxy Image Analysis is mainly developed by the Biomedical Computer Vision (BMCV) Group at Heidelberg University. Its dedication is to provide tools for image analysis and image processing for the Galaxy platform.		0	0	1	0	0	0	0	0	0	0	0	0	0	0	0	0	0	0	0	0	0	0	0	0	0	0	0	0	0	0	0	1	1	0	2	4	113	155	0	0	0	0	0	0	0	0	0	0	0	0	155	113	4	2			True	False
spot_detection_2d	ip_spot_detection_2d	Spot detection in 2D image sequence	2021-07-20	https://github.com/BMCV/galaxy-image-analysis	0.1	giatools	0.7.3	To update	Imaging	Image analysis	Image analysis	Imaging, Bioinformatics	Imaging, Bioinformatics	imgteam	https://github.com/BMCV/galaxy-image-analysis/tree/master/tools/spot_detection_2d/	https://github.com/BMCV/galaxy-image-analysis/tree/master/tools/spot_detection_2d	galaxy_image_analysis	Galaxy Image Analysis	Galaxy Image Analysis is mainly developed by the Biomedical Computer Vision (BMCV) Group at Heidelberg University. Its dedication is to provide tools for image analysis and image processing for the Galaxy platform.		1	0	1	0	0	0	0	0	0	0	0	0	0	0	0	0	0	0	0	0	0	0	0	0	0	0	0	0	0	0	1	1	0	0	7	7	93	93	0	0	0	0	0	0	0	0	0	0	0	0	93	93	7	7	https://usegalaxy.eu/published/workflow?id=e25f3ca3a1b4e4d8, https://usegalaxy.eu/published/workflow?id=ffa80e0637d079f2, https://workflowhub.eu/workflows/1499?version=1, https://workflowhub.eu/workflows/1528?version=1	imaging/2D-spot-detection, imaging/detection-of-mitoflashes	True	False
spyboat	spyboat	Wavelet analysis for 3d-image stacks	2020-11-28	http://github.com/tensionhead/spyboat	0.1.2	spyboat		To update	Imaging, Graphics					iuc	https://github.com/galaxyproject/tools-iuc/tree/main/tools/spyboat	https://github.com/galaxyproject/tools-iuc/tree/main/tools/spyboat					0	0	1	0	0	0	0	0	0	0	0	0	0	0	0	0	0	0	0	0	0	0	0	0	0	0	0	0	0	0	1	1	0	0	6	6	174	174	0	0	0	0	0	0	0	0	0	0	0	0	174	174	6	6			True	False
superdsm	ip_superdsm	Globally optimal segmentation method based on superadditivity and deformable shape models for cell nuclei in fluorescence microscopy images	2023-06-20	https://superdsm.readthedocs.io	0.2.0	superdsm	0.4.0	To update	Imaging	Image analysis	Image analysis			imgteam	https://github.com/BMCV/galaxy-image-analysis/tree/master/tools/superdsm/	https://github.com/BMCV/galaxy-image-analysis/tree/master/tools/superdsm	superdsm	SuperDSM	SuperDSM is a globally optimal segmentation method based on superadditivity and deformable shape models for cell nuclei in fluorescence microscopy images and beyond.	superdsm	0	0	1	0	0	0	0	0	0	0	0	0	0	0	0	0	0	0	0	0	0	0	0	0	0	0	0	0	0	0	0	1	0	0	5	5	26	26	0	0	0	0	0	0	0	0	0	0	0	0	26	26	5	5			True	False
upload_roi_and_measures_to_omero	uploadROIandMeasuresToOMERO	Upload the ROI coordinates and the measurements to the omero server	2022-01-18		0.0.5	omero-py	5.11.1	To update	Imaging					lldelisle	https://github.com/lldelisle/tools-lldelisle/tree/master/tools/upload_roi_and_measures_to_omero	https://github.com/lldelisle/tools-lldelisle/tree/master/tools/upload_roi_and_measures_to_omero					0	0	0	0	0	0	0	0	0	0	0	0	0	0	0	0	0	0	0	0	0	0	0	0	0	0	0	0	0	0	0	0	0	0	0	0	0	0	0	0	0	0	0	0	0	0	0	0	0	0	0	0	0	0			True	False
visceral_evaluatesegmentation	ip_visceral_evaluatesegmentation	Visceral Project - Evaluate Segmentation Tool	2024-09-30	https://github.com/bmcv	0.5-2	visceral-evaluatesegmentation	2021.03.25	To update	Imaging					imgteam	https://github.com/BMCV/galaxy-image-analysis/tree/master/tools/visceral-evaluatesegmentation	https://github.com/BMCV/galaxy-image-analysis/tree/master/tools/visceral_evaluatesegmentation				evaluatesegmentation-tool	0	0	1	0	0	0	0	0	0	0	0	0	0	0	0	0	0	0	0	0	0	0	0	0	0	0	0	0	0	0	0	1	1	0	1	2	10	35	0	0	0	0	0	0	0	0	0	0	0	0	35	10	2	1			True	False
voronoi_tesselation	voronoi_tessellation	Compute Voronoi tesselation	2024-03-09	https://github.com/bmcv	0.22.0	scikit-image		To update	Imaging	Image analysis, Image annotation, Visualisation, Data handling	Image analysis, Image annotation, Visualisation, Data handling	Imaging, Software engineering, Literature and language	Imaging, Software engineering, Literature and language	imgteam	https://github.com/BMCV/galaxy-image-analysis/tree/master/tools/voronoi_tesselation	https://github.com/BMCV/galaxy-image-analysis/tree/master/tools/voronoi_tessellation	scikit-image	scikit-image	Scikit-image contains image processing algorithms for SciPy, including IO, morphology, filtering, warping, color manipulation, object detection, etc.	scikit-image	0	0	1	0	0	0	0	0	0	0	0	0	0	0	0	0	0	0	0	0	0	0	0	0	0	0	0	0	0	0	1	0	0	0	15	15	148	148	0	0	0	0	0	0	0	0	0	0	0	0	148	148	15	15	https://usegalaxy.eu/published/workflow?id=23030421cd9fcfb2, https://usegalaxy.eu/published/workflow?id=bc78c184fabcff1d, https://workflowhub.eu/workflows/1522?version=1, https://workflowhub.eu/workflows/1730?version=1	imaging/voronoi-segmentation	True	False
vpt	vpt_extract, vpt_segment	Vizgen Post-processing Tool	2025-04-29	https://vizgen.github.io/vizgen-postprocessing/	1.3.0			To update	Single Cell, Spatial Omics, Transcriptomics, Imaging					bgruening	https://github.com/bgruening/galaxytools/tree/master/tools/vpt	https://github.com/bgruening/galaxytools/tree/master/tools/vpt					0	0	2	0	0	0	0	0	0	0	0	0	0	0	0	0	0	0	0	0	0	0	0	0	0	0	0	0	0	0	0	0	0	0	3	3	29	29	0	0	0	0	0	0	0	0	0	0	0	0	29	29	3	3			True	
wsi_extract_top_view	ip_wsi_extract_top_view	WSI Extract Top View	2017-10-30	https://github.com/bmcv	0.2-2	scikit-image		To update	Imaging					imgteam	https://github.com/BMCV/galaxy-image-analysis/tree/master/tools/wsi_extract_top_view/	https://github.com/BMCV/galaxy-image-analysis/tree/master/tools/wsi_extract_top_view					0	0	1	0	0	0	0	0	0	0	0	0	0	0	0	0	0	0	0	0	0	0	0	0	0	0	0	0	0	0	0	1	1	0	1	4	20	58	0	0	0	0	0	0	0	0	0	0	0	0	58	20	4	1			True	False
yolo	json2yolosegment, yolo_predict, yolo_training	tools for building yolo workflows.	2025-06-12	https://github.com/bgruening/galaxytools	8.3.0			To update	Imaging					bgruening	https://github.com/bgruening/galaxytools/tree/master/tools	https://github.com/bgruening/galaxytools/tree/master/tools/image_processing/yolo					0	0	3	0	0	0	0	0	0	0	0	0	0	0	0	0	0	0	0	0	0	0	0	0	0	0	0	0	0	0	2	0	0	0	6	6	166	166	0	0	0	0	0	0	0	0	0	0	0	0	166	166	6	6	https://usegalaxy.eu/published/workflow?id=751e3e2c338949c0, https://workflowhub.eu/workflows/1840?version=1	imaging/yolo-segmentation-training	True	
