Galaxy wrapper id,Description,bio.tool id,bio.tool name,bio.tool description,EDAM operation,EDAM topic,Status,Source,ToolShed categories,ToolShed id,Galaxy wrapper owner,Galaxy wrapper source,Galaxy wrapper version,Conda id,Conda version
abricate,Mass screening of contigs for antiobiotic resistance genes,,,,,,Up-to-date,https://github.com/tseemann/abricate,Sequence Analysis,abricate,iuc,https://github.com/galaxyproject/tools-iuc/tree/master/tools/abricate/,#REF!,abricate,#REF!
aldex2,Performs analysis Of differential abundance taking sample variation into account,,,,,,Up-to-date,https://github.com/ggloor/ALDEx_bioc,Metagenomics,aldex2,iuc,https://github.com/galaxyproject/tools-iuc/tree/master/tools/aldex2,,bioconductor-aldex2,
amplican,AmpliCan is an analysis tool for genome editing.,amplican,amplican,"It performs alignment of the amplicon reads, normalizes gathered data, calculates multiple statistics (e.g. cut rates, frameshifts) and presents results in form of aggregated reports. Data and statistics can be broken down by experiments, barcodes, user defined groups, guides and amplicons allowing for quick identification of potential problems.",,"PCR experiment, Statistics and probability",To update,https://github.com/valenlab/amplican,Sequence Analysis,amplican,iuc,https://github.com/galaxyproject/tools-iuc/tree/master/tools/amplican,,bioconductor-amplican,
ancombc,Performs analysis of compositions of microbiomes with bias correction.,,,,,,Up-to-date,https://github.com/FrederickHuangLin/ANCOMBC,Metagenomics,ancombc,iuc,https://github.com/galaxyproject/tools-iuc/tree/master/tools/ancombc,,bioconductor-ancombc,
antismash,"Antismash allows the genome-wide identification, annotation and analysis of secondary metabolite biosynthesis gene clusters",antismash,antiSMASH,"Rapid genome-wide identification, annotation and analysis of secondary metabolite biosynthesis gene clusters in bacterial and fungal genomes. It integrates and cross-links with a large number of in silico secondary metabolite analysis tools that have been published earlier.",,"Molecular interactions, pathways and networks, Gene and protein families",Up-to-date,https://antismash.secondarymetabolites.org,Sequence Analysis,antismash,bgruening,https://github.com/galaxyproject/tools-iuc/tree/master/tools/antismash,,antismash,
artic,"The artic pipeline is designed to help run the artic bioinformatics protocols;for example the nCoV-2019 novel coronavirus protocol.Features include: read filtering, primer trimming, amplicon coverage normalisation,variant calling and consensus building",artic,ARTIC,A bioinformatics pipeline for working with virus sequencing data sequenced with nanopore,,Genomics,To update,https://github.com/artic-network/fieldbioinformatics,Sequence Analysis,,iuc,https://github.com/galaxyproject/tools-iuc/tree/master/tools/artic,,artic,
augustus,AUGUSTUS is a program that predicts genes in eukaryotic genomic sequences.,augustus,AUGUSTUS,"AUGUSTUS is a eukaryotic gene prediction tool. It can integrate evidence, e.g. from RNA-Seq, ESTs, proteomics, but can also predict genes ab initio. The PPX extension to AUGUSTUS can take a protein sequence multiple sequence alignment as input to find new members of the family in a genome. It can be run through a web interface (see https://bio.tools/webaugustus), or downloaded and run locally.",,"Gene transcripts, Gene and protein families",To update,http://bioinf.uni-greifswald.de/augustus/,Sequence Analysis,augustus,bgruening,https://github.com/galaxyproject/tools-iuc/tree/master/tools/augustus,,augustus,
bakta,"""Bakta is a tool for the rapid & standardized annotation of bacterial genomes and plasmids from both isolates and MAGs.It provides dbxref-rich and sORF-including annotations in machine-readable JSON & bioinformatics standard file formats for automatic downstream analysis.""",,,,,,To update,https://github.com/oschwengers/bakta,Sequence Analysis,bakta,iuc,https://github.com/mesocentre-clermont-auvergne/galaxy-tools/tree/master/tools/bakta,1.6.1,bakta,1.7.0
bandage,Bandage - A Bioinformatics Application for Navigating De novo Assembly Graphs Easily,bandage,Bandage,"GUI program that allows users to interact with the assembly graphs made by de novo assemblers such as Velvet, SPAdes, MEGAHIT and others. It visualises assembly graphs, with connections, using graph layout algorithms.",,"Genomics, Sequence assembly",Up-to-date,https://github.com/rrwick/Bandage,Visualization,bandage,iuc,https://github.com/galaxyproject/tools-iuc/tree/master/tools/bandage,,bandage,
Detecting natural selection from population-based genetic data,,bayescan,BayeScan,"BAYEsian genome SCAN for outliers, aims at identifying candidate loci under natural selection from genetic data, using differences in allele frequencies between populations. It is based on the multinomial-Dirichlet model.",,"Genetics, Evolutionary biology, Statistics and probability, DNA polymorphism",To update,http://cmpg.unibe.ch/software/BayeScan/index.html,Sequence Analysis,bayescan,iuc,https://github.com/galaxyproject/tools-iuc/tree/master/tools/bayescan/,,bayescan,
binning_refiner,"Reconciles the outputs of different binning programs with the aim to improve the quality of genome bins,especially with respect to contamination levels.",,,,,,Up-to-date,https://github.com/songweizhi/Binning_refiner,Metagenomics,binning_refiner,iuc,https://github.com/galaxyproject/tools-iuc/tree/master/tools/binning_refiner/,,binning_refiner,
biohansel,Heidelberg and Enteritidis SNP Elucidation,,,,,,To update,https://github.com/phac-nml/biohansel,Sequence Analysis,biohansel,nml,https://github.com/phac-nml/biohansel,,bio_hansel,
biom_format,The biom-format package provides a command line interface and Python API for working with BIOM files.,,,,,,To update,https://github.com/biocore/biom-format,Metagenomics,,iuc,https://github.com/galaxyproject/tools-iuc/tree/master/tools/biom_format,,biom-format,
bracken,Bayesian Reestimation of Abundance with KrakEN,,,,,,To update,https://ccb.jhu.edu/software/bracken/,"Sequence Analysis, Metagenomics",bracken,iuc,https://github.com/galaxyproject/tools-iuc/tree/master/tools/bracken,,bracken,
busco,BUSCO assess genome and annotation completeness,busco,BUSCO,"Provides measures for quantitative assessment of genome assembly, gene set, and transcriptome completeness based on evolutionarily informed expectations of gene content from near-universal single-copy orthologs.",,"Sequence assembly, Genomics, Transcriptomics, Sequence analysis",To update,http://busco.ezlab.org/,Sequence Analysis,busco,iuc,,,busco,
cat,Contig Annotation Tool (CAT),,,,,,To update,https://github.com/dutilh/CAT,Metagenomics,contig_annotation_tool,iuc,https://github.com/galaxyproteomics/tools-galaxyp/tree/master/tools/cat,,cat,
cd_hit_dup,simple tool for removing duplicates from sequencing reads,,,,,,To update,,"Metagenomics, Sequence Analysis",cd_hit_dup,devteam,https://github.com/galaxyproject/tools-devteam/tree/master/tools/cd_hit_dup,,cd-hit-auxtools,
cdhit,Cluster or compare biological sequence datasets,,,,,,Up-to-date,http://weizhongli-lab.org/cd-hit/,"Sequence Analysis, Fasta Manipulation",cd_hit,iuc,https://github.com/galaxyproject/tools-iuc/tree/master/tools/cdhit,,cd-hit,
cemitool,Gene co-expression network analysis tool,,,,,,Up-to-date,https://www.bioconductor.org/packages/release/bioc/html/CEMiTool.html,"Transcriptomics, RNA, Statistics",cemitool,iuc,https://github.com/galaxyproject/tools-iuc/tree/master/tools/cemitool,,bioconductor-cemitool,
checkm,"Assess the quality of microbial genomes recovered from isolates, single cells, and metagenomes",,,,,,To update,https://github.com/Ecogenomics/CheckM,Metagenomics,checkm,iuc,https://github.com/galaxyproject/tools-iuc/tree/master/tools/checkm,,checkm-genome,
clinod,NoD: a Nucleolar localization sequence detector for eukaryotic and viral proteins,,,,,,To update,http://www.compbio.dundee.ac.uk/www-nod/,Sequence Analysis,clinod,peterjc,https://github.com/peterjc/pico_galaxy/tree/master/tools/clinod,,clinod,
clustalw,ClustalW multiple sequence alignment program for DNA or proteins,,,,,,Up-to-date,http://www.clustal.org/clustal2/,"Phylogenetics, Sequence Analysis",clustalw,devteam,https://github.com/galaxyproject/tools-iuc/tree/master/tools/clustalw,,clustalw,
codeml,Detects positive selection,,,,,,Up-to-date,http://abacus.gene.ucl.ac.uk/software/paml.html,Phylogenetics,codeml,iuc,https://github.com/galaxyproject/tools-iuc/tree/master/tools/codeml,,paml,
cojac,co-occurrence of mutations on amplicons,,,,,,Up-to-date,https://github.com/cbg-ethz/cojac,"Metagenomics, Sequence Analysis",cojac,iuc,https://github.com/galaxyproject/tools-iuc/tree/master/tools/cojac,,cojac,
combine_metaphlan2_humann2,Combine MetaPhlAn2 and HUMAnN2 outputs to relate genus/species abundances and gene families/pathways abundances,,,,,,To update,,Metagenomics,combine_metaphlan2_humann2,bebatut,https://github.com/bgruening/galaxytools/tree/master/tools/combine_metaphlan2_humann2,,,
compare_humann2_output,Compare outputs of HUMAnN2 for several samples and extract similar and specific information,,,,,,To update,,Metagenomics,compare_humann2_output,bebatut,https://github.com/bgruening/galaxytools/tree/master/tools/compare_humann2_output,,,
concoct,CONCOCT (Clustering cONtigs with COverage and ComposiTion) does unsupervised binning of metagenomic contigs byusing nucleotide composition - kmer frequencies - and coverage data for multiple samples. CONCOCT can accurately(up to species level) bin metagenomic contigs.,,,,,,Up-to-date,https://github.com/BinPro/CONCOCT,Metagenomics,concoct,iuc,https://github.com/galaxyproject/tools-iuc/tree/master/tools/concoct,,concoct,
coverm,CoverM genome and contig wrappers,,,,,,To update,https://github.com/wwood/CoverM,Sequence Analysis,coverm,iuc,https://github.com/galaxyproject/tools-iuc/tools/coverm,,coverm,
cryptogenotyper,CryptoGenotyper is a standalone tool to *in-silico*  determine species and subtype based on SSU rRNA and gp60 markers.,,,,,,Up-to-date,https://github.com/phac-nml/CryptoGenotyper,Sequence Analysis,cryptogenotyper,nml,https://github.com/phac-nml/CryptoGenotyper,,cryptogenotyper,
cutadapt,Flexible tool to remove adapter sequences (and quality trim) high throughput sequencing reads (fasta/fastq).,,,,,,To update,https://cutadapt.readthedocs.org/en/stable/,"Fasta Manipulation, Fastq Manipulation, Sequence Analysis",cutadapt,lparsons,https://github.com/galaxyproject/tools-iuc/tree/master/tools/cutadapt,,cutadapt,
dada2,DADA2 wrappers,dada2,dada2,"This package infers exact sequence variants (SVs) from amplicon data, replacing the commonly used and coarser OTU clustering approach. This pipeline inputs demultiplexed fastq files, and outputs the sequence variants and their sample-wise abundances after removing substitution and chimera errors. Taxonomic classification is available via a native implementation of the RDP naive Bayesian classifier.",,"Sequencing, Genetic variation, Microbial ecology, Metagenomics",To update,https://benjjneb.github.io/dada2/index.html,Metagenomics,dada2,iuc,https://github.com/galaxyproject/tools-iuc/tree/master/tools/dada2,,bioconductor-dada2,
das_tool,DAS Tool for genome resolved metagenomics,,,,,,Up-to-date,https://github.com/cmks/DAS_Tool,Metagenomics,das_tool,iuc,https://github.com/galaxyproject/tools-iuc/tree/master/tools/das_tool,,das_tool,
diamond,DIAMOND is a new alignment tool for aligning short DNA sequencing reads to a protein reference database such as NCBI-NR.,,,,,,Up-to-date,https://github.com/bbuchfink/diamond,Sequence Analysis,diamond,bgruening,https://github.com/galaxyproject/tools-iuc/tree/master/tools/diamond,,diamond,
disco,DISCO is a overlap-layout-consensus (OLC) metagenome assembler,disco,DISCO,"DISCO is software to perform structure determination of protein homo-oligomers with cyclic symmetry.DISCO computes oligomeric protein structures using geometric constraints derived from RDCs and intermolecular distance restraints such as NOEs or disulfide bonds. When a reliable subunit structure can be calculated from intramolecular restraints, DISCO guarantees that all satisfying oligomer structures will be discovered, yet can run in minutes to hours on only a single desktop-class computer.",,Structure determination,To update,http://disco.omicsbio.org/,"Metagenomics, Assembly",disco,iuc,https://github.com/galaxyproject/tools-iuc/tree/master/tools/disco/,,disco,
dram,DRAM for distilling microbial metabolism to automate the curation of microbiome function,,,,,,To update,https://github.com/WrightonLabCSU/DRAM,Metagenomics,dram,iuc,https://github.com/galaxyproject/tools-iuc/tree/master/tools/dram,,,
drep,dRep compares and dereplicates genome sets,,,,,,To update,https://github.com/MrOlm/drep,Metagenomics,drep,iuc,https://github.com/galaxyproject/tools-iuc/tree/master/tools/drep,,drep,
ectyper,EC-Typer - in silico serotyping of Escherichia coli species,,,,,,Up-to-date,https://github.com/phac-nml/ecoli_serotyping,Sequence Analysis,ectyper,nml,https://github.com/phac-nml/ecoli_serotyping,,ectyper,
effectiveT3,Find bacterial type III effectors in protein sequences,,,,,,To update,http://effectors.org,Sequence Analysis,effectivet3,peterjc,https://github.com/peterjc/pico_galaxy/tree/master/tools/effectiveT3,,effectiveT3,
ete,Analyse phylogenetic trees using the ETE Toolkit,,,,,,To update,http://etetoolkit.org/,Phylogenetics,ete,earlhaminst,https://github.com/TGAC/earlham-galaxytools/tree/master/tools/ete,,ete3,
export2graphlan,export2graphlan is a conversion software tool for producing both annotation and tree file for GraPhlAn,,,,,,To update,https://bitbucket.org/CibioCM/export2graphlan/overview,Metagenomics,export2graphlan,iuc,https://github.com/galaxyproject/tools-iuc/tree/master/tools/export2graphlan/,,export2graphlan,
fargene,fARGene (Fragmented Antibiotic Resistance Gene iENntifiEr ),,,,,,Up-to-date,https://github.com/fannyhb/fargene,Sequence Analysis,fargene,iuc,https://github.com/galaxyproject/tools-iuc/tree/master/tools/fargene,,fargene,
fastp,Fast all-in-one preprocessing for FASTQ files,,,,,,To update,https://github.com/OpenGene/fastp,Sequence Analysis,fastp,iuc,https://github.com/galaxyproject/tools-iuc/tree/master/tools/fastp,,fastp,
fastqe,FASTQE,,,,,,To update,https://github.com/galaxyproject/tools-iuc/tree/master/tools/fastqe,Sequence Analysis,fastqe,iuc,https://github.com/galaxyproject/tools-iuc/tree/master/tools/fastqe,,fastqe,
fasttree,FastTree infers approximately-maximum-likelihood phylogenetic trees from alignments of nucleotide or protein sequences - GVL,fasttree,FastTree,Infers approximately-maximum-likelihood phylogenetic trees from alignments of nucleotide or protein sequences.,,"Phylogenetics, Sequence analysis",To update,http://www.microbesonline.org/fasttree/,Phylogenetics,fasttree,iuc,https://github.com/galaxyproject/tools-iuc/tree/master/tools/fasttree,,fasttree,
filtlong,Filtlong - Filtering long reads by quality,,,,,,Up-to-date,https://github.com/rrwick/Filtlong,"Fastq Manipulation, Sequence Analysis",filtlong,iuc,https://github.com/galaxyproject/tools-iuc/tree/master/tools/filtlong,,filtlong,
format_metaphlan2_output,Format MetaPhlAn2 output to extract abundance at different taxonomic levels,,,,,,To update,,Metagenomics,format_metaphlan2_output,bebatut,https://github.com/bgruening/galaxytools/tree/master/tools/format_metaphlan2_output/,,,
fraggenescan,Tool for finding (fragmented) genes in short read,fraggenescan,FragGeneScan,Application for finding (fragmented) genes in short reads,,"Genetics, Sequence analysis",To update,https://sourceforge.net/projects/fraggenescan/,Sequence Analysis,fraggenescan,iuc,https://github.com/galaxyproject/tools-iuc/tree/master/tools/fraggenescan/,,fraggenescan,
freyja,lineage abundances estimation,,,,,,To update,https://github.com/andersen-lab/Freyja,"Metagenomics, Sequence Analysis",freyja,iuc,https://github.com/galaxyproject/tools-iuc/tree/master/tools/freyja,,freyja,
funannotate,"Funannotate is a genome prediction, annotation, and comparison software package.",,,,,,To update,https://funannotate.readthedocs.io,Genome annotation,,iuc,,,,
getmlst,Download MLST datasets by species from pubmlst.org,,,,,,To update,,Sequence Analysis,getmlst,nml,,,srst2,
glimmer,Glimmer makes gene predictions.,gemini,GEMINI,"GEMINI (GEnome MINIng) is a flexible framework for exploring genetic variation in the context of the wealth of genome annotations available for the human genome. By placing genetic variants, sample phenotypes and genotypes, as well as genome annotations into an integrated database framework, GEMINI provides a simple, flexible, and powerful system for exploring genetic variation for disease and population genetics.",,Sequence analysis,To update,https://ccb.jhu.edu/software/glimmer/,Sequence Analysis,,bgruening,https://github.com/galaxyproject/tools-iuc/tree/master/tools/glimmer,,glimmer,
glimmer_hmm,GlimmerHMM is a new gene finder based on a Generalized Hidden Markov Model (GHMM),,,,,,To update,https://ccb.jhu.edu/software/glimmerhmm/,Sequence Analysis,glimmer_hmm,bgruening,https://github.com/bgruening/galaxytools/tree/master/tools/glimmer_hmm,,,
goenrichment,Performs GO Enrichment analysis.,goenrichment,GOEnrichment,"GOEnrichment is a tool for performing GO enrichment analysis of gene sets, such as those obtained from RNA-seq or Microarray experiments, to help characterize them at the functional level. It is available in Galaxy Europe and as a stand-alone tool.GOEnrichment is flexible in that it allows the user to use any version of the Gene Ontology and any GO annotation file they desire. To enable the use of GO slims, it is accompanied by a sister tool GOSlimmer, which can convert annotation files from full GO to any specified GO slim.The tool features an optional graph clustering algorithm to reduce the redundancy in the set of enriched GO terms and simplify its output.It was developed by the BioData.pt / ELIXIR-PT team at the Instituto Gulbenkian de Ciência.",,Transcriptomics,Up-to-date,https://github.com/DanFaria/GOEnrichment,Genome annotation,,iuc,https://github.com/galaxyproject/tools-iuc/tree/master/tools/goenrichment,,goenrichment,
goseq,goseq does selection-unbiased testing for category enrichment amongst differentially expressed (DE) genes for RNA-seq data,goseq,GOseq,Detect Gene Ontology and/or other user defined categories which are over/under represented in RNA-seq data.,,RNA-seq,To update,https://bioconductor.org/packages/release/bioc/html/goseq.html,"Statistics, RNA, Micro-array Analysis",goseq,iuc,https://github.com/galaxyproject/tools-iuc/tree/master/tools/goseq,,bioconductor-goseq,
graphlan,GraPhlAn is a software tool for producing high-quality circular representations of taxonomic and phylogenetic trees,,,,,,To update,https://bitbucket.org/nsegata/graphlan/overview,"Metagenomics, Graphics, Phylogenetics",graphlan,iuc,https://github.com/galaxyproject/tools-iuc/tree/master/tools/humann2/,,graphlan,
gubbins,Gubbins - bacterial recombination detection,gubbins,Gubbins,Gubbins is a tool for rapid phylogenetic analysis of large samples of recombinant bacterial whole genome sequences.,,"Phylogeny, Genotype and phenotype, Whole genome sequencing",Up-to-date,,Sequence Analysis,gubbins,iuc,https://github.com/galaxyproject/tools-iuc/tree/master/tools/gubbins,,gubbins,
guppy,A wrapper for the guppy basecaller tool from Oxford Nanopore Technologies,,,,,,To update,http://artbio.fr,Nanopore,guppy_basecaller,artbio,https://github.com/ARTbio/tools-artbio/tree/master/tools/guppy,,,
hamronization,Convert AMR gene detection tool output to hAMRonization specification format.,,,,,,To update,https://github.com/pha4ge/hAMRonization,Sequence Analysis,hamronization,iuc,https://github.com/galaxyproject/tools-iuc/tree/master/tools/hamronization,,hamronization,
hansel,Heidelberg and Enteritidis SNP Elucidation,,,,,,Up-to-date,https://github.com/phac-nml/bio_hansel,Sequence Analysis,bio_hansel,iuc,https://github.com/galaxyproject/tools-iuc/tree/master/tools/hansel,,bio_hansel,
hivtrace,An application that identifies potential transmission clusters within a supplied FASTA file with an option to find potential links against the Los Alamos HIV Sequence Database.,,,,,,To update,,Sequence Analysis,hivtrace,nml,https://github.com/phac-nml/galaxy_tools/tree/tools/hivtrace,,hivtrace,
hmmer3,"HMMER is used for searching sequence databases for homologs of proteinsequences, and for making protein sequence alignments. It implementsmethods using probabilistic models called profile hidden Markov models(profile HMMs).",hmmer3,HMMER3,"This tool is used for searching sequence databases for homologs of protein sequences, and for making protein sequence alignments. It implements methods using probabilistic models called profile hidden Markov models. The new HMMER3 project, HMMER is now as fast as BLAST for protein search.",,"Sequence analysis, Sequence sites, features and motifs, Gene and protein families",Up-to-date,http://hmmer.org/,Sequence Analysis,,iuc,https://github.com/galaxyproject/tools-iuc/tree/master/tools/hmmer3,,hmmer,
humann,HUMAnN for functionally profiling metagenomes and metatranscriptomes at species-level resolution,,,,,,To update,http://huttenhower.sph.harvard.edu/humann,Metagenomics,humann,iuc,https://github.com/galaxyproject/tools-iuc/tree/master/tools/humann,,humann,
hyphy,Hypothesis Testing using Phylogenies,HyPhy,HyPhy,"Software package for the analysis of genetic sequences using techniques in phylogenetics, molecular evolution, and machine learning.",,"Phylogeny, Small molecules, Molecular interactions, pathways and networks",To update,http://www.hyphy.org,Phylogenetics,,iuc,https://github.com/galaxyproject/tools-iuc/tree/master/tools/hyphy/,,hyphy,
icescreen,ICEscreen identifies Integrative Conjugative Elements (ICEs) and Integrative Mobilizable Elements (IMEs) in Firmicutes genomes.,,,,,,Up-to-date,https://icescreen.migale.inrae.fr/,Genome annotation,icescreen,iuc,https://forgemia.inra.fr/ices_imes_analysis/icescreen,,icescreen,
infernal,"Infernal (""INFERence of RNA ALignment"") is for searching DNA sequence databases for RNA structure and sequence similarities.",,,,,,Up-to-date,http://infernal.janelia.org/,RNA,infernal,bgruening,https://github.com/bgruening/galaxytools/tree/master/tools/infernal,,infernal,
instrain,InStrain is a tool for analysis of co-occurring genome populations from metagenomes,,,,,,To update,https://instrain.readthedocs.io/en/latest/#,Metagenomics,instrain,iuc,https://github.com/MrOlm/inStrain,,instrain,
interproscan,Interproscan queries the interpro database and provides annotations.,interproscan_4,InterProScan (EBI),Scan sequences against the InterPro protein signature databases.,,"Gene and protein families, Sequence analysis",To update,http://www.ebi.ac.uk/Tools/pfa/iprscan5/,Sequence Analysis,interproscan,bgruening,https://github.com/galaxyproject/tools-iuc/tree/master/tools/interproscan,,interproscan,
iqtree,Efficient phylogenomic software by maximum likelihood,,,,,,To update,http://www.iqtree.org/,Phylogenetics,iqtree,iuc,https://github.com/galaxyproject/tools-iuc/tree/master/tools/iqtree/,,iqtree,
itsx,ITSx is an open source software utility to extract the highly variable ITS1 and ITS2 subregions from ITS sequences.,ITSx,ITSx,"TSx is an open source software utility to extract the highly variable ITS1 and ITS2 subregions from ITS sequences, which is commonly used as a molecular barcode for e.g. fungi. As the inclusion of parts of the neighbouring, very conserved, ribosomal genes (SSU, 5S and LSU rRNA sequences) in the sequence identification process can lead to severely misleading results, ITSx identifies and extracts only the ITS regions themselves.",,"Functional, regulatory and non-coding RNA, Microbiology",Up-to-date,https://microbiology.se/software/itsx/,Metagenomics,itsx,bgruening,https://github.com/bgruening/galaxytools/tree/master/tools/itsx,,itsx,
ivar,iVar is a computational package that contains functions broadly useful for viral amplicon-based sequencing,,,,,,Up-to-date,https://github.com/andersen-lab/ivar,Sequence Analysis,ivar,iuc,https://github.com/galaxyproject/tools-iuc/tree/master/tools/ivar/,,ivar,
jbrowse,JBrowse Genome Browser integrated as a Galaxy Tool,jbrowse,JBrowse,"Slick, speedy genome browser with a responsive and dynamic AJAX interface for visualization of genome data. Being developed by the GMOD project as a successor to GBrowse.",,Genomics,Up-to-date,https://jbrowse.org,Sequence Analysis,jbrowse,iuc,https://github.com/galaxyproject/tools-iuc/tree/master/tools/jbrowse,,jbrowse,
kat_filter,Filtering kmers or reads from a database of kmers hashes,,,,,,To update,,Sequence Analysis,kat_filter,nml,,,kat,
kc-align,Kc-Align custom tool,kc-align,kc-align,A fast and accurate tool for performing codon-aware multiple sequence alignments,,Mapping,Up-to-date,https://github.com/davebx/kc-align,Sequence Analysis,kc_align,iuc,https://github.com/galaxyproject/tools-iuc/tree/master/tools/kc-align,,kcalign,
kleborate,Screen genome assemblies of Klebsiella pneumoniae and the Klebsiella pneumoniae species complex (KpSC),,,,,,Up-to-date,https://github.com/katholt/Kleborate/wiki,Metagenomics,kleborate,iuc,https://github.com/katholt/Kleborate,,kleborate,
kofamscan,Gene function annotation tool based on KEGG Orthology and hidden Markov model,,,,,,Up-to-date,https://github.com/takaram/kofam_scan,Sequence Analysis,kofamscan,iuc,https://github.com/galaxyproject/tools-iuc/tree/master/tools/kofamscan,,kofamscan,
kraken_biom,Create BIOM-format tables (http://biom-format.org) from Kraken output (http://ccb.jhu.edu/software/kraken/),,,,,,Up-to-date,https://github.com/smdabdoub/kraken-biom,Metagenomics,kraken_biom,iuc,https://github.com/smdabdoub/kraken-biom,,kraken-biom,
kraken_taxonomy_report,Kraken taxonomy report,,,,,,To update,https://github.com/blankenberg/Kraken-Taxonomy-Report,Metagenomics,kraken_taxonomy_report,iuc,https://github.com/galaxyproject/tools-iuc/tree/master/tools/kraken_taxonomy_report,,biopython,
krocus,Predict MLST directly from uncorrected long reads,,,,,,To update,https://github.com/quadram-institute-bioscience/krocus,Sequence Analysis,krocus,iuc,https://github.com/galaxyproject/tools-iuc/tree/master/tools/krocus,,krocus,
legsta,Performs in silico Legionella pneumophila sequence based typing.,,,,,,Up-to-date,https://github.com/tseemann/legsta,Sequence Analysis,legsta,iuc,https://github.com/tseemann/legsta,,legsta,
lighter,Lighter is a kmer-based error correction method for whole genome sequencing data,,,,,,To update,,"Sequence Analysis, Fasta Manipulation",lighter,bgruening,https://github.com/mourisl/Lighter,,lighter,
lorikeet,Tools for M. tuberculosis DNA fingerprinting (spoligotyping),,,,,,Up-to-date,https://github.com/AbeelLab/lorikeet,Sequence Analysis,lorikeet_spoligotype,iuc,https://github.com/AbeelLab/lorikeet,,lorikeet,
lotus2,LotuS2 OTU processing pipeline,,,,,,Up-to-date,http://lotus2.earlham.ac.uk/,Metagenomics,lotus2,earlhaminst,https://github.com/TGAC/earlham-galaxytools/tree/master/tools/lotus2,,lotus2,
maaslin2,MaAsLin2 is comprehensive R package for efficiently determining multivariable association between microbial meta'omic features and clinical metadata.,,,,,,Up-to-date,http://huttenhower.sph.harvard.edu/maaslin,Metagenomics,maaslin2,iuc,https://github.com/biobakery/Maaslin2,,maaslin2,
mafft,Multiple alignment program for amino acid or nucleotide sequences,,,,,,Up-to-date,,RNA,mafft,rnateam,https://github.com/bgruening/galaxytools/tree/master/tools/mafft,,mafft,
maker,MAKER is a portable and easily configurable genome annotation pipeline.Its purpose is to allow smaller eukaryotic and prokaryotic genome projects to independently annotate their genomes and to create genome databases.,maker,MAKER,Portable and easily configurable genome annotation pipeline. It’s purpose is to allow smaller eukaryotic and prokaryotic genome projects to independently annotate their genomes and to create genome databases.,,"Genomics, DNA, Sequence analysis",To update,http://www.yandell-lab.org/software/maker.html,Sequence Analysis,,iuc,https://github.com/galaxyproject/tools-iuc/tree/master/tools/maker,,maker,
mash,Fast genome and metagenome distance estimation using MinHash,mash,Mash,Fast genome and metagenome distance estimation using MinHash.,,"Genomics, Metagenomics, Statistics and probability, Sequence analysis, DNA mutation",Up-to-date,https://github.com/marbl/Mash,Metagenomics,,iuc,https://github.com/galaxyproject/tools-iuc/tree/master/tools/mash,,mash,
maxbin2,clusters metagenomic contigs into bins,masigpro,maSigPro,Regression based approach to find genes for which there are significant gene expression profile differences between experimental groups in time course microarray and RNA-Seq experiments.,,"Gene expression, Molecular genetics, Microarray experiment, RNA-Seq",To update,https://downloads.jbei.org/data/microbial_communities/MaxBin/MaxBin.html,Metagenomics,maxbin2,mbernt,https://github.com/galaxyproject/tools-iuc/tree/master/tools/maxbin2/,,maxbin2,
mcl,Markov Cluster Algorithm,,,,,,Up-to-date,http://micans.org/mcl/,"Sequence Analysis, Metagenomics",mcl,bgruening,https://github.com/bgruening/galaxytools/tree/master/tools/mcl,,mcl,
mea,Maximum expected accuracy prediction,,,,,,To update,http://www.bioinf.uni-leipzig.de/Software/mea,RNA,mea,rnateam,https://github.com/bgruening/galaxytools/tree/master/tools/rna_tools/mea,,mea,
medaka,Sequence correction provided by ONT Research,medaka,Medaka,medaka is a tool to create consensus sequences and variant calls from nanopore sequencing data. This task is performed using neural networks applied a pileup of individual sequencing reads against a draft assembly.,,"Sequence assembly, Machine learning",Up-to-date,https://github.com/nanoporetech/medaka,Sequence Analysis,,iuc,https://github.com/galaxyproject/tools-iuc/tree/master/tools/medaka,,medaka,
megahit,An ultra-fast single-node solution for large and complex metagenomics assembly via succinct de Bruijn graph.,megahit,MEGAHIT,"Single node assembler for large and complex metagenomics NGS reads, such as soil. It makes use of succinct de Bruijn graph to achieve low memory usage, whereas its goal is not to make memory usage as low as possible.",,"Metagenomics, Sequencing, Ecology, Sequence assembly",Up-to-date,https://github.com/voutcn/megahit,"Sequence Analysis, Assembly, Metagenomics",megahit,iuc,https://github.com/galaxyproject/tools-iuc/tree/master/tools/megahit,,megahit,
megahit_contig2fastg,A subprogram within the Megahit toolkit for converting contigs to assembly graphs (fastg),megahit,MEGAHIT,"Single node assembler for large and complex metagenomics NGS reads, such as soil. It makes use of succinct de Bruijn graph to achieve low memory usage, whereas its goal is not to make memory usage as low as possible.",,"Metagenomics, Sequencing, Ecology, Sequence assembly",To update,https://github.com/voutcn/megahit/blob/master/tools/toolkit.cpp,"Sequence Analysis, Assembly, Metagenomics",megahit_contig2fastg,iuc,https://github.com/galaxyproject/tools-iuc/tree/master/tools/megahit_contig2fastg,,megahit,
megan,"MEGAN Community Edition - Interactive exploration and analysis of large-scale microbiome sequencing data.  MEGAN is a tool for studying the taxonomic content of a set of DNA reads, typically collected in a metagenomics project.In a preprocessing step, a sequence alignment of all reads against a suitable database of reference DNA or proteinsequences must be performed to produce an input file for the program. MEGAN is suitable for DNA reads (metagenomedata), RNA reads (metatranscriptome data), peptide sequences (metaproteomics data) and, using a suitable synonymsfile that maps SILVA ids to taxon ids, for 16S rRNA data (amplicon sequencing).",megan,MEGAN,"Metagenome Analysis Software - MEGAN (MEtaGenome ANalyzer) is a new computer program that allows laptop analysis of large metagenomic datasets. In a preprocessing step, the set of DNA reads (or contigs) is compared against databases of known sequences using BLAST or another comparison tool. MEGAN can then be used to compute and interactively explore the taxonomical content of the dataset, employing the NCBI taxonomy to summarize and order the results.",,Sequence analysis,Up-to-date,https://github.com/husonlab/megan-ce,Sequence Analysis,megan,iuc,https://github.com/galaxyproject/tools-iuc/tree/master/tools/megan,,megan,
metabat2,MetaBAT2 (Metagenome Binning based on Abundance and Tetranucleotide frequency) is an automated metagenome binningsoftware that integrates empirical probabilistic distances of genome abundance and tetranucleotide frequency.,,,,,,Up-to-date,https://bitbucket.org/berkeleylab/metabat/src/master/,Metagenomics,metabat2,iuc,https://github.com/galaxyproject/tools-iuc/tree/master/tools/metabat2/,,metabat2,
metaeuk,MetaEuk is a modular toolkit designed for large-scale gene discovery andannotation in eukaryotic metagenomic contigs. Metaeuk combines the fast andsensitive homology search capabilities of MMseqs2 with a dynamic programmingprocedure to recover optimal exons sets. It reduces redundancies in multiplediscoveries of the same gene and resolves conflicting gene predictions onthe same strand.,MetaEuk,MetaEuk,"MetaEuk - sensitive, high-throughput gene discovery and annotation for large-scale eukaryotic metagenomics",,"Metagenomics, Gene and protein families",To update,https://github.com/soedinglab/metaeuk,"Sequence Analysis, Genome annotation",,iuc,https://github.com/galaxyproject/tools-iuc/tree/master/tools/metaeuk,,metaeuk,
metagene_annotator,MetaGeneAnnotator gene-finding program for prokaryote and phage,,,,,,To update,,Sequence Analysis,metagene_annotator,galaxyp,https://github.com/galaxyproteomics/tools-galaxyp/tree/master/metagene_annotator,,metagene_annotator,
metagenomeseq,metagenomeSeq Normalization,metagenomeseq,metagenomeSeq,"Designed to determine features (be it Operational Taxanomic Unit (OTU), species, etc.) that are differentially abundant between two or more groups of multiple samples. It is designed to address the effects of both normalization and under-sampling of microbial communities on disease association detection and the testing of feature correlations.",,"Metagenomics, Sequencing",To update,,Metagenomics,metagenomeseq_normalization,iuc,https://github.com/galaxyproject/tools-iuc/tree/master/tools/metagenomeseq,,bioconductor-metagenomeseq,
metaphlan,MetaPhlAn for Metagenomic Phylogenetic Analysis,,,,,,To update,https://github.com/biobakery/MetaPhlAn,Metagenomics,metaphlan,iuc,https://github.com/galaxyproject/tools-iuc/tree/master/tools/metaphlan/,,metaphlan,
minipolish,Polishing miniasm assemblies,,,,,,Up-to-date,https://github.com/rrwick/Minipolish,Sequence Analysis,minipolish,bgruening,https://github.com/bgruening/galaxytools/tree/master/tools/minipolish,,minipolish,
miniprot,"Align a protein sequence against a genome with affine gap penalty, splicing and frameshift.",,,,,,To update,https://github.com/lh3/miniprot,Sequence Analysis,,iuc,https://github.com/galaxyproject/tools-iuc/tree/master/tools/miniprot,,miniprot,
mitos,de-novo annotation of metazoan mitochondrial genomes,mitos,MITOS,De novo metazoan mitochondrial genome annotation.,,"Zoology, Whole genome sequencing",To update,http://mitos.bioinf.uni-leipzig.de/,Sequence Analysis,mitos,iuc,https://github.com/galaxyproject/tools-iuc/tree/master/tools/mitos,,mitos,
mlst,Scan contig files against PubMLST typing schemes,mlst,MLST,Multi Locus Sequence Typing from an assembled genome or from a set of reads.,,"Immunoproteins, genes and antigens",To update,https://github.com/tseemann/mlst,Sequence Analysis,mlst,iuc,https://github.com/galaxyproject/tools-iuc/tree/master/tools/mlst,,mlst,
mob_suite,"MOB-suite is a set of software tools for clustering, reconstruction and typing of plasmids from draft assemblies",,,,,,To update,https://github.com/phac-nml/mob-suite,Sequence Analysis,mob_suite,nml,https://github.com/phac-nml/mob-suite,,mob_suite,
mothur,Mothur wrappers,,,,,,To update,https://www.mothur.org,Metagenomics,mothur,iuc,https://github.com/galaxyproject/tools-iuc/tree/master/tools/mothur,,mothur,
mrbayes,A program for the Bayesian estimation of phylogeny.,,,,,,To update,,Sequence Analysis,mrbayes,nml,,,mrbayes,
multiqc,MultiQC aggregates results from bioinformatics analyses across many samples into a single report,multiqc,MultiQC,"MultiQC aggregates results from multiple bioinformatics analyses across many samples into a single report. It searches a given directory for analysis logs and compiles a HTML report. It's a general use tool, perfect for summarising the output from numerous bioinformatics tools.",,"Sequencing, Bioinformatics",To update,http://multiqc.info/,"Fastq Manipulation, Statistics, Visualization",multiqc,iuc,https://github.com/galaxyproject/tools-iuc/tree/master/tools/multiqc,,multiqc,
multispecies_orthologous_microsats,Extract orthologous microsatellites,,,,,,To update,,"Sequence Analysis, Variant Analysis",multispecies_orthologous_microsats,devteam,https://github.com/galaxyproject/tools-devteam/tree/master/tools/multispecies_orthologous_microsats,,bx-sputnik,
mykrobe,Antibiotic resistance predictions,Mykrobe,Mykrobe,"Antibiotic resistance prediction for Mycobacterium tuberculosis from genome sequence data with Mykrobe.Antibiotic resistance prediction in minutes.Table of Contents generated with DocToc.AMR prediction (Mykrobe predictor).Before attempting to install with bioconda, please ensure you have your channels set up as specified in the documentation. If you don't, you may run into issues with an older version of mykrobe being installed",,"Whole genome sequencing, Genotype and phenotype, Probes and primers, Genetic variation, Metagenomics",To update,https://github.com/Mykrobe-tools/mykrobe,Sequence Analysis,mykrobe,iuc,https://github.com/galaxyproject/tools-iuc/tree/master/tools/mykrobe,,mykrobe,
mykrobe_parser,RScript to parse the results of mykrobe predictor.,,,,,,To update,https://github.com/phac-nml/mykrobe-parser,Sequence Analysis,mykrobe_parser,nml,https://github.com/phac-nml/mykrobe-parser,,r-base,
nanocompore,"Nanocompore compares 2 ONT nanopore direct RNA sequencing datasets from different experimental conditions expected to have a significant impact on RNA modifications. It is recommended to have at least 2 replicates per condition. For example one can use a control condition with a significantly reduced number of modifications such as a cell line for which a modification writing enzyme was knocked-down or knocked-out. Alternatively, on a smaller scale transcripts of interests could be synthesized in-vitro.",Nanocompore,Nanocompore,"RNA modifications detection by comparative Nanopore direct RNA sequencing.RNA modifications detection from Nanopore dRNA-Seq data.Nanocompore identifies differences in ONT nanopore sequencing raw signal corresponding to RNA modifications by comparing 2 samples.Analyses performed for the nanocompore paper.Nanocompore compares 2 ONT nanopore direct RNA sequencing datasets from different experimental conditions expected to have a significant impact on RNA modifications. It is recommended to have at least 2 replicates per condition. For example one can use a control condition with a significantly reduced number of modifications such as a cell line for which a modification writing enzyme was knocked-down or knocked-out. Alternatively, on a smaller scale transcripts of interests could be synthesized in-vitro",,"Functional, regulatory and non-coding RNA, RNA-Seq, Gene transcripts, Transcriptomics, Transcription factors and regulatory sites",To update,https://nanocompore.rna.rocks/,Sequence Analysis,nanocompore,iuc,https://github.com/galaxyproject/tools-iuc/tree/master/tools/nanocompore,,nanocompore,
nanoplot,Plotting tool for long read sequencing data and alignments,,,,,,To update,https://github.com/wdecoster/NanoPlot,Visualization,nanoplot,iuc,https://github.com/galaxyproject/tools-iuc/tree/master/tools/nanoplot/,,nanoplot,
nanopolishcomp,NanopolishComp contains 2 modules. Eventalign_collapse collapses the raw file generated by nanopolish eventalign by kmers rather than by event. Freq_meth_calculate methylation frequency at genomic CpG sites from the output of nanopolish call-methylation.,,,,,,To update,https://a-slide.github.io/NanopolishComp,Sequence Analysis,nanopolishcomp,iuc,https://github.com/galaxyproject/tools-iuc/tree/master/tools/nanopolishcomp,,nanopolishcomp,
newick_utils,Perform operations on Newick trees,newick_utilities,Newick Utilities,"The Newick Utilities are a set of command-line tools for processing phylogenetic trees. They can process arbitrarily large amounts of data and do not require user interaction, which makes them suitable for automating phylogeny processing tasks.",,"Phylogeny, Genomics, Computer science",To update,http://cegg.unige.ch/newick_utils,"Visualization, Metagenomics",newick_utils,iuc,https://github.com/tjunier/newick_utils,,newick_utils,
nextclade,Identify differences between your sequences and a reference sequence used by Nextstrain,,,,,,Up-to-date,https://github.com/nextstrain/nextclade,Sequence Analysis,,iuc,https://github.com/galaxyproject/tools-iuc/tree/master/tools/nextclade,,nextalign,
nonpareil,Estimate average coverage in metagenomic datasets,,,,,,To update,http://nonpareil.readthedocs.io,Metagenomics,nonpareil,iuc,https://github.com/galaxyproject/tools-iuc/tree/master/tools/nonpareil,,nonpareil,
nucleosome_prediction,Prediction of Nucleosomes Positions on the Genome,,,,,,Up-to-date,https://genie.weizmann.ac.il/software/nucleo_exe.html,Sequence Analysis,nucleosome_prediction,bgruening,https://github.com/bgruening/galaxytools/tree/master/tools/nucleosome_prediction,,nucleosome_prediction,
nugen_nudup,Marks/removes PCR introduced duplicate molecules based on the molecular tagging technology used in NuGEN products.,,,,,,Up-to-date,http://nugentechnologies.github.io/nudup/,"SAM, Metagenomics, Sequence Analysis, Transcriptomics",nugen_nudup,iuc,https://github.com/galaxyproject/tools-iuc/tree/master/tools/nugen_nudup,,nudup,
oases,Short read assembler,,,,,,To update,http://artbio.fr,"Assembly, RNA",oases,artbio,https://github.com/ARTbio/tools-artbio/tree/master/tools/oases,,oases,
orfipy,Galaxy wrapper for ORFIPY,,,,,,Up-to-date,https://github.com/urmi-21/orfipy,Sequence Analysis,orfipy,iuc,https://github.com/galaxyproject/tools-iuc/tree/master/tools/orfipy,,orfipy,
orthofinder,Accurate inference of orthologous gene groups made easy,OrthoFinder,OrthoFinder,"OrthoFinder is a fast, accurate and comprehensive platform for comparative genomics. It finds orthogroups and orthologs, infers rooted gene trees for all orthogroups and identifies all of the gene duplcation events in those gene trees. It also infers a rooted species tree for the species being analysed and maps the gene duplication events from the gene trees to branches in the species tree. OrthoFinder also provides comprehensive statistics for comparative genomic analyses.",,"Phylogenetics, Phylogenomics, Bioinformatics, Comparative genomics, Sequence analysis",Up-to-date,https://github.com/davidemms/OrthoFinder,"Phylogenetics, Sequence Analysis",orthofinder,iuc,https://github.com/galaxyproject/tools-iuc/tree/master/tools/orthofinder,,orthofinder,
PAMPA,Tools to compute and analyse biodiversity metrics,,,,,,To update,,Ecology,pampa,ecology,https://github.com/ColineRoyaux/PAMPA-Galaxy,,,
pangolin,Phylogenetic Assignment of Named Global Outbreak LINeages,,,,,,To update,https://github.com/hCoV-2019/pangolin,Sequence Analysis,pangolin,nml,https://github.com/hCoV-2019/pangolin,,pangolin,
phyloseq,Handling and analysis of high-throughput microbiome census data,,,,,,Up-to-date,https://www.bioconductor.org/packages/release/bioc/html/phyloseq.html,Metagenomics,phyloseq,iuc,https://github.com/galaxyproject/tools-iuc/tree/master/tools/phyloseq,,bioconductor-phyloseq,
phyml,PhyML is a phylogeny software based on the maximum-likelihood principle.,phyml,PhyML,Phylogenetic estimation software using Maximum Likelihood,,"Phylogenetics, Bioinformatics, Phylogenetics",To update,http://www.atgc-montpellier.fr/phyml/,Phylogenetics,phyml,iuc,https://github.com/galaxyproject/tools-iuc/tree/master/tools/phyml,,phyml,
picrust,PICRUSt wrappers,,,,,,To update,https://picrust.github.io/picrust/,Metagenomics,picrust,iuc,https://github.com/galaxyproject/tools-iuc/tree/master/tools/picrust,,picrust,
plasflow,PlasFlow - Prediction of plasmid sequences in metagenomic contigs.,,,,,,To update,https://github.com/smaegol/PlasFlow,Sequence Analysis,plasflow,iuc,https://github.com/galaxyproject/tools-iuc/tree/master/tools/plasflow,,plasflow,
plasmidfinder,"""PlasmidFinder provides the detection of replicons in the WGSand assigns the plasmids under study to lineages that trace backthe information to the existing knowledge on Inc groups and suggestspossible reference plasmids for each lineage""",,,,,,Up-to-date,https://bitbucket.org/genomicepidemiology/plasmidfinder/src/master/,Sequence Analysis,plasmidfinder,iuc,https://github.com/mesocentre-clermont-auvergne/galaxy-tools/tree/master/tools/plasmidfinder,,plasmidfinder,
prokka,Rapid annotation of prokaryotic genomes,prokka,Prokka,"Software tool to annotate bacterial, archaeal and viral genomes quickly and produce standards-compliant output files.",,"Genomics, Model organisms, Virology",Up-to-date,http://github.com/tseemann/prokka,Sequence Analysis,prokka,crs4,https://github.com/galaxyproject/tools-iuc/tree/master/tools/prokka/,,prokka,
pycoqc,QC metrics for ONT Basecalling,,,,,,Up-to-date,https://github.com/tleonardi/pycoQC,Nanopore,pycoqc,iuc,https://github.com/galaxyproject/tools-iuc/tree/master/tools/pycoqc,,pycoqc,
pygenometracks,pyGenomeTracks: Standalone program and library to plot beautiful genome browser tracks.,,,,,,Up-to-date,https://github.com/deeptools/pyGenomeTracks,Visualization,pygenometracks,iuc,https://github.com/galaxyproject/tools-iuc/tree/master/tools/pygenometracks,,pygenometracks,
qiime_add_on,QIIME to perform microbial community analysis,,,,,,To update,http://www.qiime.org,Metagenomics,qiime,iuc,https://github.com/galaxyproject/tools-iuc/tree/master/tools/qiime/,,qiime,
qiime_core,QIIME to perform microbial community analysis,,,,,,To update,http://www.qiime.org,Metagenomics,qiime,iuc,https://github.com/galaxyproject/tools-iuc/tree/master/tools/qiime/,,qiime,
qualimap,,qualimap,QualiMap,Platform-independent application written in Java and R that provides both a Graphical User Inteface (GUI) and a command-line interface to facilitate the quality control of alignment sequencing data.,,Data quality management,Up-to-date,http://qualimap.bioinfo.cipf.es/,"Sequence Analysis, Transcriptomics, SAM",qualimap,iuc,https://github.com/galaxyproject/tools-iuc/tree/master/tools/qualimap,,qualimap,
quality_filter,Filter nucleotides based on quality scores,,,,,,To update,,"Sequence Analysis, Variant Analysis",quality_filter,devteam,https://github.com/galaxyproject/tools-devteam/tree/master/tools/quality_filter,,bx-python,
racon,Consensus module for raw de novo DNA assembly of long uncorrected reads.,,,,,,Up-to-date,https://github.com/isovic/racon,Sequence Analysis,racon,bgruening,https://github.com/bgruening/galaxytools/tree/master/tools/racon,,racon,
raxml,RAxML - A Maximum Likelihood based phylogenetic inference,raxml,RAxML,A tool for Phylogenetic Analysis and Post-Analysis of Large Phylogenies.,,"Phylogenetics, Sequence analysis",To update,http://www.exelixis-lab.org/web/software/raxml/,Phylogenetics,raxml,iuc,https://github.com/galaxyproject/tools-iuc/tree/master/tools/raxml,,raxml,
read_it_and_keep,Rapid decontamination of SARS-CoV-2 sequencing reads,,,,,,To update,https://github.com/GenomePathogenAnalysisService/read-it-and-keep,Sequence Analysis,read_it_and_keep,iuc,https://github.com/galaxyproject/tools-iuc/tree/master/tools/read-it-and-keep,,read-it-and-keep,
reago,Reago is tool to assembly 16S ribosomal RNA recovery from metagenomic data.,,,,,,Up-to-date,https://github.com/chengyuan/reago-1.1,"Metagenomics, RNA",reago,rnateam,https://github.com/bgruening/galaxytools/tree/master/tools/rna_tools/reago,,reago,
recentrifuge,"""With Recentrifuge, researchers can analyze results from taxonomic classifiers using interactive charts with emphasis on the confidence level of the classifications.In addition to contamination-subtracted samples.Recentrifuge provides shared and exclusive taxa per sample,thus enabling robust contamination removal and comparative analysis in environmental and clinical metagenomics.""",,,,,,To update,https://github.com/khyox/recentrifuge,Metagenomics,recentrifuge,iuc,https://github.com/mesocentre-clermont-auvergne/galaxy-tools/tree/master/tools/recentrifuge,,recentrifuge,
roary,Roary the pangenome pipeline,roary,Roary,"A high speed stand alone pan genome pipeline, which takes annotated assemblies in GFF3 format (produced by Prokka (Seemann, 2014)) and calculates the pan genome.",,"DNA, Genomics, Mapping",Up-to-date,https://sanger-pathogens.github.io/Roary/,Sequence Analysis,roary,iuc,https://github.com/galaxyproject/tools-iuc/tree/master/tools/roary,,roary,
rRNA,Identification of ribosomal RNA genes in metagenomic fragments.,,,,,,To update,http://weizhong-lab.ucsd.edu/meta_rna/,RNA,rrna,rnateam,https://github.com/bgruening/galaxytools/tree/master/tools/rRNA,,hmmsearch3.0,
rseqc,an RNA-seq quality control package,rseqc,RSeQC,"Provides a number of useful modules that can comprehensively evaluate high throughput sequence data especially RNA-seq data. Some basic modules quickly inspect sequence quality, nucleotide composition bias, PCR bias and GC bias, while RNA-seq specific modules evaluate sequencing saturation, mapped reads distribution, coverage uniformity, strand specificity, transcript level RNA integrity etc.",,Sequencing,To update,https://code.google.com/p/rseqc/,"Convert Formats, Sequence Analysis, RNA, Transcriptomics, Visualization",rseqc,nilesh,https://github.com/galaxyproject/tools-iuc/tree/master/tools/rseqc,,rseqc,
salmon,"Salmon is a wicked-fast program to produce a highly-accurate, transcript-level quantification estimates from RNA-seq and single-cell data.",,,,,,To update,https://github.com/COMBINE-lab/salmon,"Sequence Analysis, RNA, Transcriptomics",,bgruening,https://github.com/bgruening/galaxytools/tree/master/tools/salmon,,salmon,
sarscov2formatter,sarscov2formatter custom script,,,,,,Up-to-date,https://github.com/nickeener/sarscov2formatter,Sequence Analysis,sarscov2formatter,iuc,https://github.com/galaxyproject/tools-iuc/tree/master/tools/sarscov2formatter,,sarscov2formatter,
sarscov2summary,sarscov2summary custom script,,,,,,To update,https://github.com/nickeener/sarscov2summary,Sequence Analysis,sarscov2summary,iuc,https://github.com/galaxyproject/tools-iuc/tree/master/tools/sarscov2summary,,sarscov2summary,
scoary,Scoary calculates the assocations between all genes in the accessory genome and the traits.,,,,,,Up-to-date,https://github.com/AdmiralenOla/Scoary,Metagenomics,scoary,iuc,https://github.com/galaxyproject/tools-iuc/tree/master/tools/scoary,,scoary,
semibin,SemiBin: Semi-supervised Metagenomic Binning Using Siamese Neural Networks,,,,,,To update,https://semibin.readthedocs.io/en/latest/,Metagenomics,semibin,iuc,https://github.com/galaxyproject/tools-iuc/tree/master/tools/semibin,,semibin,
seqkit,A cross-platform and ultrafast toolkit for FASTA/Q file manipulation,seqkit,seqkit,"FASTA and FASTQ are basic and ubiquitous formats for storing nucleotide and protein sequences. Common manipulations of FASTA/Q file include converting, searching, filtering, deduplication, splitting, shuffling, and sampling. Existing tools only implement some of these manipulations, and not particularly efficiently, and some are only available for certain operating systems. Furthermore, the complicated installation process of required packages and running environments can render these programs less user friendly. SeqKit demonstrates competitive performance in execution time and memory usage compared to similar tools. The efficiency and usability of SeqKit enable researchers to rapidly accomplish common FASTA/Q file manipulations.",,"Database management, Sequence analysis",To update,https://bioinf.shenwei.me/seqkit/,Sequence Analysis,seqkit,iuc,https://github.com/galaxyproject/tools-iuc/tree/master/tools/seqkit,,seqkit,
sistr_cmd,SISTR in silico serotyping tool,,,,,,Up-to-date,https://github.com/phac-nml/sistr_cmd,Sequence Analysis,sistr_cmd,nml,,,sistr_cmd,
smalt,SMALT aligns DNA sequencing reads with a reference genome.,,,,,,Up-to-date,http://www.sanger.ac.uk/science/tools/smalt-0,Sequence Analysis,smalt,nml,https://sourceforge.net/projects/smalt/,,smalt,
snap,SNAP is a general purpose gene finding program suitable for both eukaryotic and prokaryotic genomes.,snap,SNAP,The Semi-HMM-based Nucleic Acid Parser is a gene prediction tool.,,"DNA, DNA polymorphism, Genetics",Up-to-date,https://github.com/KorfLab/SNAP,Sequence Analysis,snap,iuc,https://github.com/galaxyproject/tools-iuc/tree/master/tools/snap,,snap,
snippy,Contains the snippy tool for characterising microbial snps,snippy,snippy,Rapid haploid variant calling and core SNP phylogeny generation.,,"Genomics, Model organisms, DNA polymorphism, Phylogenetics",To update,https://github.com/tseemann/snippy,Sequence Analysis,snippy,iuc,https://github.com/galaxyproject/tools-iuc/tree/master/tools/snippy,,snippy,
sonneityping,Scripts for parsing Mykrobe predict results for Shigella sonnei.,,,,,,Up-to-date,https://github.com/katholt/sonneityping,Sequence Analysis,sonneityping,iuc,https://github.com/katholt/sonneityping,,sonneityping,
sortmerna,SortMeRNA is a software designed to rapidly filter ribosomal RNA fragments from metatransriptomic data produced by next-generation sequencers.,,,,,,To update,http://bioinfo.lifl.fr/RNA/sortmerna/,RNA,sortmerna,rnateam,https://github.com/bgruening/galaxytools/tree/master/tools/rna_tools/sortmerna,,sortmerna,
spades,"SPAdes is an assembly toolkit containing various assembly pipelines. It implements the following 4 stages: assembly graph construction, k-bimer adjustment, construction of paired assembly graph and contig construction.",,,,,,To update,https://github.com/ablab/spades,"Assembly, RNA, Metagenomics",spades,iuc,https://github.com/galaxyproject/tools-iuc/tree/master/tools/spades,,spades,
spotyping,SpoTyping allows fast and accurate in silico Mycobacterium spoligotyping from sequence reads,spotyping,SpoTyping,Fast and accurate in silico Mycobacterium spoligotyping from sequence reads.,,"Microbiology, Sequencing, Sequence composition, complexity and repeats, Genetic variation",Up-to-date,https://github.com/xiaeryu/SpoTyping-v2.0,Sequence Analysis,spotyping,iuc,https://github.com/xiaeryu/SpoTyping-v2.0/tree/master/SpoTyping-v2.0-commandLine,,spotyping,
srst2,Short Read Sequence Typing for Bacterial Pathogens,,,,,,To update,,Sequence Analysis,srst2,nml,,,srst2,
srst2,SRST2 Short Read Sequence Typing for Bacterial Pathogens,,,,,,To update,http://katholt.github.io/srst2/,Metagenomics,srst2,iuc,https://github.com/katholt/srst2,,samtools,
staramr,"Scan genome contigs against the ResFinder, PlasmidFinder, and PointFinder antimicrobial resistance databases.",,,,,,To update,https://github.com/phac-nml/staramr,Sequence Analysis,staramr,nml,https://github.com/phac-nml/galaxy_tools/tree/master/tools/staramr,,staramr,
stringmlst,Rapid and accurate identification of the sequence type (ST),,,,,,To update,,Sequence Analysis,stringmlst,nml,,,stringMLST,
structure,for using multi-locus genotype data to investigate population structure.,structure,Structure,"The program structureis a free software package for using multi-locus genotype data to investigate population structure. Its uses include inferring the presence of distinct populations, assigning individuals to populations, studying hybrid zones, identifying migrants and admixed individuals, and estimating population allele frequencies in situations where many individuals are migrants or admixed.",,Population genetics,Up-to-date,,"Phylogenetics, Variant Analysis",structure,iuc,https://github.com/galaxyproject/tools-iuc/tree/master/tools/structure,,structure,
tb-profiler,Processes M. tuberculosis sequence data to infer strain type and identify known drug resistance markers.,,,,,,To update,https://github.com/jodyphelan/TBProfiler,Sequence Analysis,tbprofiler,iuc,https://github.com/galaxyproject/tools-iuc/blob/master/tools/tb-profiler,,tb-profiler,
transtermhp,Finds rho-independent transcription terminators in bacterial genomes,,,,,,To update,,Sequence Analysis,transtermhp,iuc,https://github.com/galaxyproject/tools-iuc/tree/master/tools/transtermhp,,transtermhp,
TreeBest,TreeBeST best,,,,,,Up-to-date,http://treesoft.sourceforge.net/treebest.shtml,Phylogenetics,treebest_best,earlhaminst,https://github.com/TGAC/earlham-galaxytools/tree/master/tools/TreeBest,,treebest,
trim_galore,Trim Galore adaptive quality and adapter trimmer,,,,,,Up-to-date,http://www.bioinformatics.babraham.ac.uk/projects/trim_galore/,"Sequence Analysis, Fastq Manipulation",trim_galore,bgruening,https://github.com/bgruening/galaxytools/tree/master/tools/trim_galore,,trim-galore,
usher,UShER toolkit wrappers,,,,,,To update,https://github.com/yatisht/usher,Phylogenetics,usher,iuc,https://github.com/galaxyproject/tools-iuc/tree/master/tools/usher,,usher,
valet,A pipeline for detecting mis-assemblies in metagenomic assemblies.,,,,,,To update,https://github.com/marbl/VALET,Metagenomics,valet,iuc,https://github.com/galaxyproject/tools-iuc/tree/master/tools/valet,,valet,
vapor,Classify Influenza samples from raw short read sequence data,vapor,VAPOR,"VAPOR is a tool for classification of Influenza samples from raw short read sequence data for downstream bioinformatics analysis. VAPOR is provided with a fasta file of full-length sequences (> 20,000) for a given segment, a set of reads, and attempts to retrieve a reference that is closest to the sample strain.",,"Whole genome sequencing, Mapping, Sequence assembly",Up-to-date,https://github.com/connor-lab/vapor,Sequence Analysis,vapor,iuc,https://github.com/galaxyproject/tools-iuc/tree/master/tools/vapor,,vapor,
vegan,,,,,,,To update,https://cran.r-project.org/package=vegan,Metagenomics,,iuc,https://github.com/galaxyproject/tools-iuc/tree/master/tools/vegan/,,r-vegan,
vsearch,"VSEARCH including searching, clustering, chimera detection, dereplication, sorting, masking and shuffling of sequences.",vsearch,VSEARCH,"High-throughput search and clustering sequence analysis tool. It supports de novo and reference based chimera detection, clustering, full-length and prefix dereplication, reverse complementation, masking, all-vs-all pairwise global alignment, exact and global alignment searching, shuffling, subsampling and sorting. It also supports FASTQ file analysis, filtering and conversion.",,"Metagenomics, Sequence analysis",To update,https://github.com/torognes/vsearch,Sequence Analysis,vsearch,iuc,https://github.com/galaxyproject/tools-iuc/tree/master/tools/vsearch,,vsearch,